Time,Actual,Predicted
01-04-25 0:00,0,0
01-04-25 1:00,0,0
01-04-25 2:00,0,0
01-04-25 3:00,0,0
01-04-25 4:00,0,0
01-04-25 5:00,0,0
01-04-25 6:00,0,0
01-04-25 7:00,1.16,0
01-04-25 8:00,6.98,24.5098938
01-04-25 9:00,17.59,43.37547211
01-04-25 10:00,19.35,57.23493921
01-04-25 11:00,54.05,66.57486644
01-04-25 12:00,61.92,70.14304635
01-04-25 13:00,64.64,69.65366723
01-04-25 14:00,64.3,64.31937619
01-04-25 15:00,54.5,54.25540593
01-04-25 16:00,30.9,39.62714238
01-04-25 17:00,30.77,21.72861429
01-04-25 18:00,11.56,4.928451128
01-04-25 19:00,0.93,0
01-04-25 20:00,0,0
01-04-25 21:00,0,0
01-04-25 22:00,0,0
01-04-25 23:00,0,0
02-04-25 0:00,0,0
02-04-25 1:00,0,0
02-04-25 2:00,0,0
02-04-25 3:00,0,0
02-04-25 4:00,0,0
02-04-25 5:00,0,0
02-04-25 6:00,0,0
02-04-25 7:00,1.23,0
02-04-25 8:00,4.95,23.5902132
02-04-25 9:00,22.75,42.11170482
02-04-25 10:00,38.76,55.59446888
02-04-25 11:00,51.54,64.71915648
02-04-25 12:00,58.58,69.07234214
02-04-25 13:00,63.14,68.59254694
02-04-25 14:00,61.59,63.20535598
02-04-25 15:00,55.01,53.08824682
02-04-25 16:00,43.64,38.40066247
02-04-25 17:00,27.67,20.67621726
02-04-25 18:00,10.54,4.696983922
02-04-25 19:00,0.88,0
02-04-25 20:00,0,0
02-04-25 21:00,0,0
02-04-25 22:00,0,0
02-04-25 23:00,0,0
03-04-25 0:00,0,0
03-04-25 1:00,0,0
03-04-25 2:00,0,0
03-04-25 3:00,0,0
03-04-25 4:00,0,0
03-04-25 5:00,0,0
03-04-25 6:00,0,0
03-04-25 7:00,1.3,0
03-04-25 8:00,4.16,19.91421937
03-04-25 9:00,22.15,36.97604695
03-04-25 10:00,38.02,49.93665704
03-04-25 11:00,49.53,58.84533239
03-04-25 12:00,58.21,67.16388349
03-04-25 13:00,30.75,66.34401853
03-04-25 14:00,47.82,59.67996917
03-04-25 15:00,54.4,47.91063717
03-04-25 16:00,44.45,34.63527137
03-04-25 17:00,25.85,17.36322991
03-04-25 18:00,5.23,3.850072122
03-04-25 19:00,0.39,0
03-04-25 20:00,0,0
03-04-25 21:00,0,0
03-04-25 22:00,0,0
03-04-25 23:00,0,0
04-04-25 0:00,0,0
04-04-25 1:00,0,0
04-04-25 2:00,0,0
04-04-25 3:00,0,0
04-04-25 4:00,0,0
04-04-25 5:00,0,0
04-04-25 6:00,0,0
04-04-25 7:00,1.46,0
04-04-25 8:00,6.67,20.1925768
04-04-25 9:00,20.25,37.23809091
04-04-25 10:00,34.66,50.4652709
04-04-25 11:00,46.76,59.7632354
04-04-25 12:00,54.16,65.16806405
04-04-25 13:00,57.29,65.15870757
04-04-25 14:00,54.79,60.07049494
04-04-25 15:00,48.14,50.48854743
04-04-25 16:00,38.96,36.58786563
04-04-25 17:00,24.78,19.88358909
04-04-25 18:00,9.16,4.816720601
04-04-25 19:00,0.89,0
04-04-25 20:00,0,0
04-04-25 21:00,0,0
04-04-25 22:00,0,0
04-04-25 23:00,0,0
05-04-25 0:00,0,0
05-04-25 1:00,0,0
05-04-25 2:00,0,0
05-04-25 3:00,0,0
05-04-25 4:00,0,0
05-04-25 5:00,0,0
05-04-25 6:00,0,0
05-04-25 7:00,1.01,0
05-04-25 8:00,6.94,23.98921337
05-04-25 9:00,21.68,42.00182221
05-04-25 10:00,37.4,55.61911645
05-04-25 11:00,50.29,64.75180004
05-04-25 12:00,58.65,68.73967131
05-04-25 13:00,61.52,68.31651438
05-04-25 14:00,60.71,63.20660866
05-04-25 15:00,54.33,53.39237909
05-04-25 16:00,43.43,39.09267313
05-04-25 17:00,27.53,21.61046128
05-04-25 18:00,10.82,5.140632439
05-04-25 19:00,0.96,0
05-04-25 20:00,0,0
05-04-25 21:00,0,0
05-04-25 22:00,0,0
05-04-25 23:00,0,0
06-04-25 0:00,0,0
06-04-25 1:00,0,0
06-04-25 2:00,0,0
06-04-25 3:00,0,0
06-04-25 4:00,0,0
06-04-25 5:00,0,0
06-04-25 6:00,0,0
06-04-25 7:00,1.35,0
06-04-25 8:00,6.65,23.66077274
06-04-25 9:00,8.74,41.32050663
07-04-25 0:00,0,0
07-04-25 1:00,0,0
07-04-25 2:00,0,0
07-04-25 3:00,0,0
07-04-25 4:00,0,0
07-04-25 5:00,0,0
07-04-25 6:00,0,0
07-04-25 7:00,1.37,0.370263614
07-04-25 8:00,6.91,22.17739033
07-04-25 9:00,18.97,39.16047084
07-04-25 10:00,21.82,52.64603717
07-04-25 11:00,44.44,61.49405521
07-04-25 12:00,52.18,65.01504602
07-04-25 13:00,54.71,64.505138
07-04-25 14:00,53.08,59.34109467
07-04-25 15:00,46.73,49.70981413
07-04-25 16:00,34.07,35.34914363
07-04-25 17:00,20.85,18.84911419
07-04-25 18:00,7.09,4.509231805
07-04-25 19:00,0.73,0
07-04-25 20:00,0,0
07-04-25 21:00,0,0
07-04-25 22:00,0,0
07-04-25 23:00,0,0
08-04-25 0:00,0,0
08-04-25 1:00,0,0
08-04-25 2:00,0,0
08-04-25 3:00,0,0
08-04-25 4:00,0,0
08-04-25 5:00,0,0
08-04-25 6:00,0,0
08-04-25 7:00,1.27,0.751309461
08-04-25 8:00,6.58,22.54044049
08-04-25 9:00,18.14,39.42843084
08-04-25 10:00,31.58,52.28908277
08-04-25 11:00,42.34,60.81848165
08-04-25 12:00,49.74,62.2916116
08-04-25 13:00,27.37,61.78886466
08-04-25 14:00,1.86,56.56085165
08-04-25 15:00,4.39,46.83758677
08-04-25 16:00,30.51,33.19098148
08-04-25 17:00,14.08,17.46418844
08-04-25 18:00,2.26,4.426723775
08-04-25 19:00,0.05,0
08-04-25 20:00,0,0
08-04-25 21:00,0,0
08-04-25 22:00,0,0
08-04-25 23:00,0,0
09-04-25 0:00,0,0
09-04-25 1:00,0,0
09-04-25 2:00,0,0
09-04-25 3:00,0,0
09-04-25 4:00,0,0
09-04-25 5:00,0,0
09-04-25 6:00,0,0
09-04-25 7:00,1.33,1.02677493
09-04-25 8:00,6.51,20.85249637
09-04-25 9:00,16.31,37.23726568
09-04-25 10:00,28.94,50.25568276
09-04-25 11:00,25.78,58.99813546
09-04-25 12:00,10.94,60.60742788
09-04-25 13:00,3.25,60.402437
09-04-25 14:00,3.51,55.51186859
09-04-25 15:00,5.76,45.88358828
09-04-25 16:00,31.23,32.41744139
09-04-25 17:00,18.9,17.04008848
09-04-25 18:00,7.41,4.375611021
09-04-25 19:00,0.74,0
09-04-25 20:00,0,0
09-04-25 21:00,0,0
09-04-25 22:00,0,0
09-04-25 23:00,0,0
10-04-25 0:00,0,0
10-04-25 1:00,0,0
10-04-25 2:00,0,0
10-04-25 3:00,0,0
10-04-25 4:00,0,0
10-04-25 5:00,0,0
10-04-25 6:00,0,0
10-04-25 7:00,0.33,0.957196045
10-04-25 8:00,5.71,17.4102482
10-04-25 9:00,16.47,31.41689159
10-04-25 10:00,30.01,46.0873308
10-04-25 11:00,37.77,53.89815296
10-04-25 12:00,37.64,57.50452452
10-04-25 13:00,30.76,50.63150074
10-04-25 14:00,22.59,42.54374065
10-04-25 15:00,7.6,40.31826464
10-04-25 16:00,4.21,24.10647191
10-04-25 17:00,1.94,12.91512218
10-04-25 18:00,7.87,3.360472997
10-04-25 19:00,0.28,0
10-04-25 20:00,0,0
10-04-25 21:00,0,0
10-04-25 22:00,0,0
10-04-25 23:00,0,0
11-04-25 0:00,0,0
11-04-25 1:00,0,0
11-04-25 2:00,0,0
11-04-25 3:00,0,0
11-04-25 4:00,0,0
11-04-25 5:00,0,0
11-04-25 6:00,0,0
11-04-25 7:00,1.74,1.508796733
11-04-25 8:00,8.22,17.54979205
11-04-25 9:00,21.16,33.16765999
11-04-25 10:00,35.18,45.66175761
11-04-25 11:00,47.65,58.04551232
11-04-25 12:00,54.84,61.78447036
11-04-25 13:00,57.28,61.06397522
11-04-25 14:00,55.14,55.53290028
11-04-25 15:00,19.16,45.65724078
11-04-25 16:00,2.97,21.90106808
11-04-25 17:00,1.14,10.25784247
11-04-25 18:00,0.11,2.54374013
11-04-25 19:00,0.05,0
11-04-25 20:00,0,0
11-04-25 21:00,0,0
11-04-25 22:00,0,0
11-04-25 23:00,0,0
12-04-25 0:00,0,0
12-04-25 1:00,0,0
12-04-25 2:00,0,0
12-04-25 3:00,0,0
12-04-25 4:00,0,0
12-04-25 5:00,0,0
12-04-25 6:00,0,0
12-04-25 7:00,1.89,1.993752654
12-04-25 8:00,3.94,20.92875986
12-04-25 9:00,0.01,37.34987523
12-04-25 10:00,27.28,50.87075856
12-04-25 11:00,1.06,59.94708062
12-04-25 12:00,21.64,64.08353565
12-04-25 13:00,59.08,63.14077684
12-04-25 14:00,57.22,57.24261913
12-04-25 15:00,40.44,48.07251288
12-04-25 16:00,38.04,33.65350426
12-04-25 17:00,19.41,17.63456136
12-04-25 18:00,5.21,4.596279825
12-04-25 19:00,1.6,0
12-04-25 20:00,0,0
12-04-25 21:00,0,0
12-04-25 22:00,0,0
12-04-25 23:00,0,0
13-04-25 0:00,0,0
13-04-25 1:00,0,0
13-04-25 2:00,0,0
13-04-25 3:00,0,0
13-04-25 4:00,0,0
13-04-25 5:00,0,0
13-04-25 6:00,0,0
13-04-25 7:00,1.86,2.355113282
13-04-25 8:00,8.26,23.18146112
13-04-25 9:00,21.33,40.13537756
13-04-25 10:00,35.85,53.58650019
13-04-25 11:00,47.89,62.52114868
13-04-25 12:00,54.71,65.28215276
13-04-25 13:00,53.34,58.3001181
13-04-25 14:00,36.71,51.13297483
13-04-25 15:00,28.39,44.50952888
13-04-25 16:00,34.65,34.32137693
13-04-25 17:00,15.57,19.09613749
13-04-25 18:00,6.51,5.120560896
13-04-25 19:00,0.9,0
13-04-25 20:00,0,0
13-04-25 21:00,0,0
13-04-25 22:00,0,0
13-04-25 23:00,0,0
14-04-25 0:00,0,0
14-04-25 1:00,0,0
14-04-25 2:00,0,0
14-04-25 3:00,0,0
14-04-25 4:00,0,0
14-04-25 5:00,0,0
14-04-25 6:00,0.01,0
14-04-25 7:00,1.9,2.759305899
14-04-25 8:00,8.3,23.88494872
14-04-25 9:00,21.89,40.93509848
14-04-25 10:00,37.08,54.20274397
14-04-25 11:00,48.6,62.93268803
14-04-25 12:00,56.02,64.97766133
14-04-25 13:00,59.32,64.13430569
14-04-25 14:00,56.17,58.87566063
14-04-25 15:00,51.56,48.95618744
14-04-25 16:00,37.21,35.06431524
14-04-25 17:00,23.49,18.93473775
14-04-25 18:00,8.61,5.293574254
14-04-25 19:00,1.03,0
14-04-25 20:00,0,0
14-04-25 21:00,0,0
14-04-25 22:00,0,0
14-04-25 23:00,0,0
15-04-25 0:00,0,0
15-04-25 1:00,0,0
15-04-25 2:00,0,0
15-04-25 3:00,0,0
15-04-25 4:00,0,0
15-04-25 5:00,0,0
15-04-25 6:00,0,0
15-04-25 7:00,1.8,2.767978165
15-04-25 8:00,4.97,21.71840044
15-04-25 9:00,19.7,37.78077506
15-04-25 10:00,32.41,51.6973996
15-04-25 11:00,45.04,61.39487043
15-04-25 12:00,49.37,61.44844819
15-04-25 13:00,53.79,60.83303114
15-04-25 14:00,52.68,55.3713025
15-04-25 15:00,41.06,45.47636753
15-04-25 16:00,35.74,31.86713642
15-04-25 17:00,22.23,16.85551009
15-04-25 18:00,7.93,4.829484177
15-04-25 19:00,1.07,0
15-04-25 20:00,0,0
15-04-25 21:00,0,0
15-04-25 22:00,0,0
15-04-25 23:00,0,0
16-04-25 0:00,0,0
16-04-25 1:00,0,0
16-04-25 2:00,0,0
16-04-25 3:00,0,0
16-04-25 4:00,0,0
16-04-25 5:00,0,0
16-04-25 6:00,0,0
16-04-25 7:00,1.81,2.740496343
16-04-25 8:00,8,20.30693793
16-04-25 9:00,19.4,34.88265217
16-04-25 10:00,32.98,45.49211693
16-04-25 11:00,44.54,56.72565249
16-04-25 12:00,51.27,59.16138084
16-04-25 13:00,52.43,58.45173259
16-04-25 14:00,50.28,53.18658634
16-04-25 15:00,20.21,43.65908803
16-04-25 16:00,30.02,30.45058904
16-04-25 17:00,19.89,17.80866246
16-04-25 18:00,6.85,4.748014438
16-04-25 19:00,1.11,0
16-04-25 20:00,0,0
16-04-25 21:00,0,0
16-04-25 22:00,0,0
16-04-25 23:00,0,0
17-04-25 0:00,0,0
17-04-25 1:00,0,0
17-04-25 2:00,0,0
17-04-25 3:00,0,0
17-04-25 4:00,0,0
17-04-25 5:00,0,0
17-04-25 6:00,0,0
17-04-25 7:00,1.9,2.728426956
17-04-25 8:00,7.79,16.36885609
17-04-25 9:00,19.95,33.06608172
17-04-25 10:00,14.59,45.1548678
17-04-25 11:00,10.54,55.68962093
17-04-25 12:00,52.46,61.73796699
17-04-25 13:00,55.34,62.10354128
17-04-25 14:00,54.61,57.63489176
17-04-25 15:00,32.63,48.36871723
17-04-25 16:00,20.06,35.1062295
17-04-25 17:00,22.57,19.29463235
17-04-25 18:00,8.26,5.666253259
17-04-25 19:00,1.01,0
17-04-25 20:00,0,0
17-04-25 21:00,0,0
17-04-25 22:00,0,0
17-04-25 23:00,0,0
18-04-25 0:00,0,0
18-04-25 1:00,0,0
18-04-25 2:00,0,0
18-04-25 3:00,0,0
18-04-25 4:00,0,0
18-04-25 5:00,0,0
18-04-25 6:00,0,0
18-04-25 7:00,1.94,3.553707964
18-04-25 8:00,8.29,22.52603543
18-04-25 9:00,20.43,38.50977642
18-04-25 10:00,33.03,50.72628778
18-04-25 11:00,43.45,59.04715003
18-04-25 12:00,46.7,61.50208409
18-04-25 13:00,46.63,60.91452354
18-04-25 14:00,50.2,54.363796
18-04-25 15:00,42.01,44.39888867
18-04-25 16:00,4.82,31.3993636
18-04-25 17:00,3.86,16.87531873
18-04-25 18:00,4.72,4.847869198
18-04-25 19:00,0.87,0
18-04-25 20:00,0,0
18-04-25 21:00,0,0
18-04-25 22:00,0,0
18-04-25 23:00,0,0
19-04-25 0:00,0,0
19-04-25 1:00,0,0
19-04-25 2:00,0,0
19-04-25 3:00,0,0
19-04-25 4:00,0,0
19-04-25 5:00,0,0
19-04-25 6:00,0,0
19-04-25 7:00,2,3.09917529
19-04-25 8:00,8.42,16.30517004
19-04-25 9:00,18.69,34.06518237
19-04-25 10:00,31.07,45.43453026
19-04-25 11:00,43.14,58.56436377
19-04-25 12:00,51.55,59.26384511
19-04-25 13:00,56.12,59.19940974
19-04-25 14:00,55.68,54.77135289
19-04-25 15:00,4.25,45.84639949
19-04-25 16:00,27.53,33.12795609
19-04-25 17:00,18.98,18.27360465
19-04-25 18:00,7.06,5.341596675
19-04-25 19:00,0.94,0
19-04-25 20:00,0,0
19-04-25 21:00,0,0
19-04-25 22:00,0,0
19-04-25 23:00,0,0
20-04-25 0:00,0,0
20-04-25 1:00,0,0
20-04-25 2:00,0,0
20-04-25 3:00,0,0
20-04-25 4:00,0,0
20-04-25 5:00,0,0
20-04-25 6:00,0.02,0
20-04-25 7:00,2.52,3.735383906
20-04-25 8:00,8.95,20.14538544
20-04-25 9:00,20.74,33.90768011
20-04-25 10:00,33.56,45.546699
20-04-25 11:00,44.31,55.17790918
20-04-25 12:00,50.59,63.18183745
20-04-25 13:00,55.29,61.22679807
20-04-25 14:00,54.31,51.94630993
20-04-25 15:00,45.51,42.63478511
20-04-25 16:00,31.55,32.21403328
20-04-25 17:00,17.16,16.89654513
20-04-25 18:00,7.49,5.04991796
20-04-25 19:00,0.94,0
20-04-25 20:00,0,0
20-04-25 21:00,0,0
20-04-25 22:00,0,0
20-04-25 23:00,0,0
21-04-25 0:00,0,0
21-04-25 1:00,0,0
21-04-25 2:00,0,0
21-04-25 3:00,0,0
21-04-25 4:00,0,0
21-04-25 5:00,0,0
21-04-25 6:00,0.02,0
21-04-25 7:00,2.37,3.909942779
21-04-25 8:00,9.2,19.59336717
21-04-25 9:00,20.92,35.95399786
21-04-25 10:00,33.76,47.54540424
21-04-25 11:00,45.52,61.954475
21-04-25 12:00,53.03,62.64549683
21-04-25 13:00,20.67,54.46477456
21-04-25 14:00,48.98,50.01257783
21-04-25 15:00,49.26,45.91508631
21-04-25 16:00,37.95,33.34134425
21-04-25 17:00,21.26,18.66672079
21-04-25 18:00,7.2,5.740668784
21-04-25 19:00,0.07,0
21-04-25 20:00,0,0
21-04-25 21:00,0,0
21-04-25 22:00,0,0
21-04-25 23:00,0,0
22-04-25 0:00,0,0
22-04-25 1:00,0,0
22-04-25 2:00,0,0
22-04-25 3:00,0,0
22-04-25 4:00,0,0
22-04-25 5:00,0,0
22-04-25 6:00,0.03,0
22-04-25 7:00,2.49,5.095449909
22-04-25 8:00,8.77,26.18313943
22-04-25 9:00,22.69,43.27241416
22-04-25 10:00,16.44,55.51652163
22-04-25 11:00,48.79,63.80662818
22-04-25 12:00,57.09,67.75423601
22-04-25 13:00,60.07,67.02378472
22-04-25 14:00,46.43,61.79775848
22-04-25 15:00,49.38,52.1940742
22-04-25 16:00,41.35,38.54931803
22-04-25 17:00,20.06,21.99449859
22-04-25 18:00,8.87,6.779056511
22-04-25 19:00,1.42,0
22-04-25 20:00,0,0
22-04-25 21:00,0,0
22-04-25 22:00,0,0
22-04-25 23:00,0,0
23-04-25 0:00,0,0
23-04-25 1:00,0,0
23-04-25 2:00,0,0
23-04-25 3:00,0,0
23-04-25 4:00,0,0
23-04-25 5:00,0,0
23-04-25 6:00,0.04,0
23-04-25 7:00,2.25,5.319392777
23-04-25 8:00,8.8,26.81302342
23-04-25 9:00,23.66,43.33583149
23-04-25 10:00,38.12,55.77960715
23-04-25 11:00,49.58,64.04126523
23-04-25 12:00,57,66.93679379
23-04-25 13:00,60.27,66.15180111
23-04-25 14:00,58.13,60.86550649
23-04-25 15:00,44.1,51.21195118
23-04-25 16:00,40.25,37.54506522
23-04-25 17:00,24.92,21.20422745
23-04-25 18:00,9.55,6.559023885
23-04-25 19:00,1.24,0
23-04-25 20:00,0,0
23-04-25 21:00,0,0
23-04-25 22:00,0,0
23-04-25 23:00,0,0
24-04-25 0:00,0,0
24-04-25 1:00,0,0
24-04-25 2:00,0,0
24-04-25 3:00,0,0
24-04-25 4:00,0,0
24-04-25 5:00,0,0
24-04-25 6:00,0.05,0
24-04-25 7:00,2.06,5.639782411
24-04-25 8:00,8.54,26.9957075
24-04-25 9:00,23.32,43.79380244
24-04-25 10:00,38.47,56.07147445
24-04-25 11:00,49.66,64.19252418
24-04-25 12:00,57.82,68.32131683
24-04-25 13:00,29.09,67.38490321
24-04-25 14:00,17.95,62.12053348
24-04-25 15:00,52.18,52.55252238
24-04-25 16:00,39.84,38.85564024
24-04-25 17:00,25.15,22.19680125
24-04-25 18:00,9.63,6.780700056
24-04-25 19:00,1.35,0
24-04-25 20:00,0,0
24-04-25 21:00,0,0
24-04-25 22:00,0,0
24-04-25 23:00,0,0
25-04-25 0:00,0,0
25-04-25 1:00,0,0
25-04-25 2:00,0,0
25-04-25 3:00,0,0
25-04-25 4:00,0,0
25-04-25 5:00,0,0
25-04-25 6:00,0.04,0
25-04-25 7:00,2.17,5.392949095
25-04-25 8:00,4.4,24.9243387
25-04-25 9:00,21.07,40.89881907
25-04-25 10:00,33.11,53.45194154
25-04-25 11:00,49.39,61.9454119
25-04-25 12:00,55.82,65.21034266
25-04-25 13:00,58.64,65.09809328
25-04-25 14:00,57.27,59.78167255
25-04-25 15:00,51.76,50.21095092
25-04-25 16:00,22.14,36.68050565
25-04-25 17:00,24.73,20.36181532
25-04-25 18:00,9.59,6.223530295
25-04-25 19:00,1.26,0
25-04-25 20:00,0,0
25-04-25 21:00,0,0
25-04-25 22:00,0,0
25-04-25 23:00,0,0
26-04-25 0:00,0,0
26-04-25 1:00,0,0
26-04-25 2:00,0,0
26-04-25 3:00,0,0
26-04-25 4:00,0,0
26-04-25 5:00,0,0
26-04-25 6:00,0.07,0
26-04-25 7:00,2.6,5.158651803
26-04-25 8:00,9.5,21.34070986
26-04-25 9:00,23.58,37.38816986
26-04-25 10:00,35.64,49.11185241
26-04-25 11:00,46.09,60.24719995
26-04-25 12:00,50.02,57.50152673
26-04-25 13:00,24.24,56.10176121
26-04-25 14:00,13.61,44.15137608
26-04-25 15:00,44.02,37.30928454
26-04-25 16:00,21.87,22.16982777
26-04-25 17:00,3.94,12.25187669
26-04-25 18:00,1.74,3.722872815
26-04-25 19:00,0.01,0
26-04-25 20:00,0,0
26-04-25 21:00,0,0
26-04-25 22:00,0,0
26-04-25 23:00,0,0
27-04-25 0:00,0,0
27-04-25 1:00,0,0
27-04-25 2:00,0,0
27-04-25 3:00,0,0
27-04-25 4:00,0,0
27-04-25 5:00,0,0
27-04-25 6:00,0,0
27-04-25 7:00,1.74,4.305844986
27-04-25 8:00,5.72,18.17471398
27-04-25 9:00,14.4,32.78206823
27-04-25 10:00,27.37,46.09630593
27-04-25 11:00,42.86,59.378148
27-04-25 12:00,49.51,61.25154324
27-04-25 13:00,52.8,60.54095968
27-04-25 14:00,24.46,54.98138225
27-04-25 15:00,40.64,45.16085913
27-04-25 16:00,25.38,32.02337726
27-04-25 17:00,20.19,17.54888414
27-04-25 18:00,7.87,4.81265127
27-04-25 19:00,1.14,0
27-04-25 20:00,0,0
27-04-25 21:00,0,0
27-04-25 22:00,0,0
27-04-25 23:00,0,0
28-04-25 0:00,0,0
28-04-25 1:00,0,0
28-04-25 2:00,0,0
28-04-25 3:00,0,0
28-04-25 4:00,0,0
28-04-25 5:00,0,0
28-04-25 6:00,0.04,0
28-04-25 7:00,2.5,4.432264438
28-04-25 8:00,8.63,17.83725213
28-04-25 9:00,15.3,34.35163563
28-04-25 10:00,28.8,46.18965292
28-04-25 11:00,43.94,56.55619847
28-04-25 12:00,51.77,59.15481376
28-04-25 13:00,53.74,59.89280269
28-04-25 14:00,48.87,55.73239235
28-04-25 15:00,12.99,46.21838985
28-04-25 16:00,33.01,33.09240229
28-04-25 17:00,15.56,18.204736
28-04-25 18:00,6.99,5.234254264
28-04-25 19:00,0.78,0
28-04-25 20:00,0,0
28-04-25 21:00,0,0
28-04-25 22:00,0,0
28-04-25 23:00,0,0
29-04-25 0:00,0,0
29-04-25 1:00,0,0
29-04-25 2:00,0,0
29-04-25 3:00,0,0
29-04-25 4:00,0,0
29-04-25 5:00,0,0
29-04-25 6:00,0.05,0
29-04-25 7:00,2.24,5.451418284
29-04-25 8:00,8.51,22.64051642
29-04-25 9:00,17.18,36.93572762
29-04-25 10:00,32.78,50.48102909
29-04-25 11:00,44.12,59.12107584
29-04-25 12:00,51.78,62.2398678
29-04-25 13:00,54.14,61.39862864
29-04-25 14:00,4.27,55.70328011
29-04-25 15:00,44.43,45.83301377
29-04-25 16:00,34.41,32.48999275
29-04-25 17:00,20.54,17.6057065
29-04-25 18:00,7.97,5.310653222
29-04-25 19:00,1.24,0
29-04-25 20:00,0,0
29-04-25 21:00,0,0
29-04-25 22:00,0,0
29-04-25 23:00,0,0
30-04-25 0:00,0,0
30-04-25 1:00,0,0
30-04-25 2:00,0,0
30-04-25 3:00,0,0
30-04-25 4:00,0,0
30-04-25 5:00,0,0
30-04-25 6:00,0.06,0
30-04-25 7:00,2.54,5.404608985
30-04-25 8:00,0.6,22.34942589
30-04-25 9:00,10.82,37.09803643
30-04-25 10:00,31.9,50.32923258
30-04-25 11:00,42.86,58.49350207
30-04-25 12:00,49.43,59.94810705
30-04-25 13:00,51.7,59.08719744
30-04-25 14:00,27.38,53.45323543
30-04-25 15:00,20.95,43.61488738
30-04-25 16:00,32.62,30.57249521
30-04-25 17:00,18.29,16.3376282
30-04-25 18:00,5.98,4.928323712
30-04-25 19:00,1.13,0
30-04-25 20:00,0,0
30-04-25 21:00,0,0
30-04-25 22:00,0,0
30-04-25 23:00,0,0
01-05-25 0:00,0,0
01-05-25 1:00,0,0
01-05-25 2:00,0,0
01-05-25 3:00,0,0
01-05-25 4:00,0,0
01-05-25 5:00,0,0
01-05-25 6:00,0.07,0
01-05-25 7:00,2.58,4.893316223
01-05-25 8:00,8.49,20.50775102
01-05-25 9:00,18.83,31.84199262
01-05-25 10:00,30.5,47.15645399
01-05-25 11:00,41.75,54.99581605
01-05-25 12:00,43.61,57.51206208
01-05-25 13:00,47.86,56.33747427
01-05-25 14:00,48,50.79353172
01-05-25 15:00,24.39,41.50457864
01-05-25 16:00,17.15,29.06250062
01-05-25 17:00,18.76,16.14450999
01-05-25 18:00,7.6,4.608137323
01-05-25 19:00,1.25,0
01-05-25 20:00,0,0
01-05-25 21:00,0,0
01-05-25 22:00,0,0
01-05-25 23:00,0,0
02-05-25 0:00,0,0
02-05-25 1:00,0,0
02-05-25 2:00,0,0
02-05-25 3:00,0,0
02-05-25 4:00,0,0
02-05-25 5:00,0,0
02-05-25 6:00,0,0
02-05-25 8:00,0,3.386613776
02-05-25 9:00,0.33,6.190488549
02-05-25 10:00,1.26,19.27582947
02-05-25 11:00,0.32,15.26798717
02-05-25 12:00,5.97,25.64909391
02-05-25 13:00,17.32,36.8725216
02-05-25 14:00,52.2,52.17040368
02-05-25 15:00,12.68,43.33112344
02-05-25 16:00,17.66,28.20222086
02-05-25 17:00,21.16,15.54024697
02-05-25 18:00,7.62,5.208828936
02-05-25 19:00,1.91,0
02-05-25 20:00,0,0
02-05-25 21:00,0,0
02-05-25 22:00,0,0
02-05-25 23:00,0,0
03-05-25 0:00,0,0
03-05-25 1:00,0,0
03-05-25 2:00,0,0
03-05-25 3:00,0,0
03-05-25 4:00,0,0
03-05-25 5:00,0,0
03-05-25 6:00,0.66,0
03-05-25 7:00,4.89,3.949633233
03-05-25 8:00,0.11,12.57814498
03-05-25 9:00,2.58,20.53965907
03-05-25 10:00,10.25,32.47874107
03-05-25 11:00,20.63,40.27100685
03-05-25 12:00,49.06,55.29013987
03-05-25 13:00,57.5,59.15988271
03-05-25 14:00,55.41,55.6545894
03-05-25 15:00,47.16,46.42459488
03-05-25 16:00,20.27,33.17847195
03-05-25 17:00,18.76,18.50247735
03-05-25 18:00,2.76,5.171437339
03-05-25 19:00,0.68,0
03-05-25 20:00,0,0
03-05-25 21:00,0,0
03-05-25 22:00,0,0
03-05-25 23:00,0,0
04-05-25 0:00,0,0
04-05-25 1:00,0,0
04-05-25 2:00,0,0
04-05-25 3:00,0,0
04-05-25 4:00,0,0
04-05-25 5:00,0,0
04-05-25 6:00,0.15,0
04-05-25 7:00,3.31,4.834610136
04-05-25 8:00,8.67,18.06731782
04-05-25 9:00,16.27,26.13315016
04-05-25 10:00,28.01,34.88931924
04-05-25 11:00,30.75,44.21704484
04-05-25 12:00,40.42,45.07888053
04-05-25 13:00,27.5,49.08360195
04-05-25 14:00,0,42.54743533
04-05-25 15:00,23.1,41.42479374
04-05-25 16:00,0,29.53836996
04-05-25 17:00,0,16.92547934
04-05-25 18:00,6.43,5.256702962
04-05-25 19:00,1.95,0
04-05-25 20:00,0,0
04-05-25 21:00,0,0
04-05-25 22:00,0,0
05-05-25 0:00,0,0
05-05-25 1:00,0,0
05-05-25 2:00,0,0
05-05-25 3:00,0,0
05-05-25 4:00,0,0
05-05-25 5:00,0,0
05-05-25 6:00,0.15,0
05-05-25 7:00,4.2,5.981464584
05-05-25 8:00,11.6,21.08685415
05-05-25 9:00,23.42,34.67174259
05-05-25 10:00,32.56,39.19849532
05-05-25 11:00,43.76,46.3056924
05-05-25 12:00,47.64,37.69036378
05-05-25 13:00,39.14,29.02912559
05-05-25 14:00,22.56,32.23850426
05-05-25 15:00,14.98,22.00792283
05-05-25 16:00,0,16.18409898
05-05-25 17:00,2.36,10.97030796
05-05-25 18:00,10.58,4.139314229
05-05-25 19:00,2.16,0
05-05-25 20:00,0,0
05-05-25 21:00,0,0
05-05-25 22:00,0,0
05-05-25 23:00,0,0
06-05-25 0:00,0,0
06-05-25 0:00,0,0
06-05-25 1:00,0,0
06-05-25 2:00,0,0
06-05-25 3:00,0,0
06-05-25 4:00,0,0
06-05-25 5:00,0,0
06-05-25 6:00,0.13,0
06-05-25 7:00,3.45,5.396696129
06-05-25 8:00,11.41,19.84590669
06-05-25 9:00,24.34,32.90912375
06-05-25 10:00,37.13,45.2316327
06-05-25 11:00,36.78,52.35079953
06-05-25 12:00,55.61,62.29894958
06-05-25 13:00,51.79,62.39621754
06-05-25 14:00,38.98,54.35251632
06-05-25 15:00,34.75,43.2777995
06-05-25 16:00,18.8,32.96773896
06-05-25 17:00,21.18,19.48459814
06-05-25 18:00,4.8,6.254738282
06-05-25 19:00,2.8,0
06-05-25 20:00,0,0
06-05-25 21:00,0,0
06-05-25 22:00,0,0
06-05-25 23:00,0,0
07-05-25 0:00,0,0
07-05-25 1:00,0,0
07-05-25 2:00,0,0
07-05-25 3:00,0,0
07-05-25 4:00,0,0
07-05-25 5:00,0,0
07-05-25 6:00,0.23,0
07-05-25 7:00,3.23,5.433398369
07-05-25 8:00,11.4,19.11091557
07-05-25 9:00,22.13,33.58005146
07-05-25 10:00,35.41,46.14211506
07-05-25 11:00,46.66,55.64702781
07-05-25 12:00,41.01,52.16810102
07-05-25 13:00,25.99,44.31140079
07-05-25 14:00,5.58,33.91197459
07-05-25 15:00,2.46,28.99555226
07-05-25 16:00,20.88,19.88120922
07-05-25 17:00,3.97,12.28078503
07-05-25 18:00,1.03,4.536704373
07-05-25 19:00,0.41,0
07-05-25 20:00,0,0
07-05-25 21:00,0,0
07-05-25 22:00,0,0
07-05-25 23:00,0,0
08-05-25 0:00,0,0
08-05-25 1:00,0,0
08-05-25 2:00,0,0
08-05-25 3:00,0,0
08-05-25 4:00,0,0
08-05-25 5:00,0,0
08-05-25 6:00,0.12,0
08-05-25 7:00,2.96,5.647734558
08-05-25 8:00,13.44,19.37376665
08-05-25 9:00,23.41,34.96427149
08-05-25 10:00,36.61,44.94840137
08-05-25 11:00,33.86,56.03824988
08-05-25 12:00,3.15,54.72653842
08-05-25 13:00,1.29,50.61714679
08-05-25 14:00,0.42,43.39245073
08-05-25 15:00,3.5,34.43561375
08-05-25 16:00,1.77,24.94634024
08-05-25 17:00,2.08,14.73127898
08-05-25 18:00,4.76,4.504004295
08-05-25 19:00,1.95,0
08-05-25 20:00,0,0
08-05-25 21:00,0,0
08-05-25 22:00,0,0
08-05-25 23:00,0,0
09-05-25 0:00,0,0
09-05-25 1:00,0,0
09-05-25 2:00,0,0
09-05-25 3:00,0,0
09-05-25 4:00,0,0
09-05-25 5:00,0,0
09-05-25 6:00,0.15,0
09-05-25 7:00,2.74,5.396536988
09-05-25 8:00,7.72,20.15438619
09-05-25 9:00,23.48,33.59538184
09-05-25 10:00,34.73,35.1665156
09-05-25 11:00,38.18,50.68871899
09-05-25 12:00,26.7,58.00774141
09-05-25 13:00,37.39,58.38903001
09-05-25 14:00,57.34,52.80793483
09-05-25 15:00,21.34,39.55748013
09-05-25 16:00,0,28.87278242
09-05-25 17:00,0,17.00091059
09-05-25 18:00,0,5.354461818
09-05-25 19:00,0.5,0
09-05-25 20:00,0,0
09-05-25 21:00,0,0
09-05-25 22:00,0,0
09-05-25 23:00,0,0
10-05-25 0:00,0,0
10-05-25 1:00,0,0
10-05-25 2:00,0,0
10-05-25 3:00,0,0
10-05-25 4:00,0,0
10-05-25 5:00,0,0
10-05-25 6:00,0.27,0
10-05-25 7:00,3.58,5.093077212
10-05-25 8:00,11.41,19.50056106
10-05-25 9:00,19.99,31.34816475
10-05-25 10:00,33.44,46.32777236
10-05-25 11:00,46.05,50.06847608
10-05-25 12:00,49.61,41.89736267
10-05-25 13:00,6.99,41.58822431
10-05-25 14:00,23.36,33.63843328
10-05-25 15:00,39.78,17.28094567
10-05-25 16:00,19.01,14.13654618
10-05-25 17:00,2.72,9.015069845
10-05-25 18:00,10.94,3.13745065
10-05-25 19:00,3.18,0
10-05-25 20:00,0,0
10-05-25 21:00,0,0
10-05-25 22:00,0,0
10-05-25 23:00,0,0
11-05-25 0:00,0,0
11-05-25 1:00,0,0
11-05-25 2:00,0,0
11-05-25 3:00,0,0
11-05-25 4:00,0,0
11-05-25 5:00,0,0
11-05-25 6:00,0.2,0
11-05-25 7:00,3.39,6.076133138
11-05-25 8:00,9.98,21.8876168
11-05-25 9:00,22.51,35.25271441
11-05-25 10:00,35.98,46.77322455
11-05-25 11:00,47.1,54.65312964
11-05-25 12:00,54.39,60.81724463
11-05-25 13:00,58.27,60.12648077
11-05-25 14:00,57.82,54.30348657
11-05-25 15:00,51.89,44.71393646
11-05-25 16:00,41.94,32.06994444
11-05-25 17:00,27.48,17.89185654
11-05-25 18:00,11.5,5.842476902
11-05-25 19:00,1.91,0
11-05-25 20:00,0,0
11-05-25 21:00,0,0
11-05-25 22:00,0,0
11-05-25 23:00,0,0
12-05-25 0:00,0,0
12-05-25 1:00,0,0
12-05-25 2:00,0,0
12-05-25 3:00,0,0
12-05-25 4:00,0,0
12-05-25 5:00,0,0
12-05-25 6:00,0.31,0
12-05-25 7:00,4.47,6.534445096
12-05-25 8:00,13.15,22.695487
12-05-25 9:00,23.29,37.17096722
12-05-25 10:00,36.68,47.1908027
12-05-25 11:00,38.09,55.79719232
12-05-25 12:00,49.94,63.66665093
12-05-25 13:00,56.63,62.49717972
12-05-25 14:00,54.81,57.77148484
12-05-25 15:00,25.8,47.96569289
12-05-25 16:00,28.65,34.88269652
12-05-25 17:00,24.88,19.90423204
12-05-25 18:00,10.35,6.492232305
12-05-25 19:00,1.77,0
12-05-25 20:00,0,0
12-05-25 21:00,0,0
12-05-25 22:00,0,0
12-05-25 23:00,0,0
13-05-25 0:00,0,0
13-05-25 1:00,0,0
13-05-25 2:00,0,0
13-05-25 3:00,0,0
13-05-25 4:00,0,0
13-05-25 5:00,0,0
13-05-25 6:00,0.26,0
13-05-25 7:00,3.75,6.5034588
13-05-25 8:00,11.3,21.08440908
13-05-25 9:00,19.59,34.20416833
13-05-25 10:00,33.29,48.20590558
13-05-25 11:00,48.47,55.41124864
13-05-25 12:00,55.27,62.32202994
13-05-25 13:00,56.85,60.92537945
13-05-25 14:00,55.04,55.10771856
13-05-25 15:00,21.3,41.19062924
13-05-25 16:00,15.99,18.35258116
13-05-25 17:00,1.38,10.17580925
13-05-25 18:00,0.29,3.612839569
13-05-25 19:00,0.35,0
13-05-25 20:00,0,0
13-05-25 21:00,0,0
13-05-25 22:00,0,0
13-05-25 23:00,0,0
14-05-25 0:00,0,0
14-05-25 1:00,0,0
14-05-25 2:00,0,0
14-05-25 3:00,0,0
14-05-25 4:00,0,0
14-05-25 5:00,0,0
14-05-25 6:00,0.23,0
14-05-25 7:00,3.27,7.114200958
14-05-25 8:00,10.17,23.57201949
14-05-25 9:00,22.22,37.90734867
14-05-25 10:00,35.75,49.5488761
14-05-25 11:00,43.52,57.50049269
14-05-25 12:00,34.79,62.38938998
14-05-25 13:00,57.24,61.92199264
14-05-25 14:00,33.27,57.12211032
14-05-25 15:00,9.72,47.78581222
14-05-25 16:00,5.04,35.08556605
14-05-25 17:00,4.21,20.29833767
14-05-25 18:00,2.67,6.890657857
14-05-25 19:00,1.94,0
14-05-25 20:00,0,0
14-05-25 21:00,0,0
14-05-25 22:00,0,0
14-05-25 23:00,0,0
15-05-25 0:00,0,0
15-05-25 1:00,0,0
15-05-25 2:00,0,0
15-05-25 3:00,0,0
15-05-25 4:00,0,0
15-05-25 5:00,0,0
15-05-25 6:00,0.21,0
15-05-25 7:00,3.39,7.32155455
15-05-25 8:00,9.91,23.40247334
15-05-25 9:00,20.22,37.19313753
15-05-25 10:00,17.14,48.05404406
15-05-25 11:00,1.59,57.41261712
15-05-25 12:00,48.04,61.62247203
15-05-25 13:00,51.8,61.52260905
15-05-25 14:00,34.28,56.35460756
15-05-25 15:00,22.96,47.13849325
15-05-25 16:00,35.69,34.51405375
15-05-25 17:00,23.78,19.96136489
15-05-25 18:00,10.87,7.120432497
15-05-25 19:00,2.1,0
15-05-25 20:00,0,0
15-05-25 21:00,0,0
15-05-25 22:00,0,0
15-05-25 23:00,0,0
16-05-25 0:00,0,0
16-05-25 1:00,0,0
16-05-25 2:00,0,0
16-05-25 3:00,0,0
16-05-25 4:00,0,0
16-05-25 5:00,0,0
16-05-25 6:00,0.2,0
16-05-25 7:00,3.11,7.394086508
16-05-25 8:00,9.41,25.4224536
16-05-25 9:00,21.72,40.80408766
16-05-25 10:00,35.48,52.71547229
16-05-25 11:00,45.65,59.95417882
16-05-25 12:00,32.36,62.00476006
16-05-25 13:00,37.99,61.27875836
16-05-25 14:00,53.52,54.43790405
16-05-25 15:00,28.27,40.61683799
16-05-25 16:00,8.48,26.33966726
16-05-25 17:00,5.06,15.2754376
16-05-25 18:00,5.24,5.785401853
16-05-25 19:00,0.58,0
16-05-25 20:00,0,0
16-05-25 21:00,0,0
16-05-25 22:00,0,0
16-05-25 23:00,0,0
17-05-25 0:00,0,0
17-05-25 1:00,0,0
17-05-25 2:00,0,0
17-05-25 3:00,0,0
17-05-25 4:00,0,0
17-05-25 5:00,0,0
17-05-25 6:00,0.19,0
17-05-25 7:00,3.29,5.764723003
17-05-25 8:00,9.9,18.74545465
17-05-25 9:00,15.88,31.24258214
17-05-25 10:00,31.59,48.65379421
17-05-25 11:00,43.49,59.64216119
17-05-25 12:00,50.18,62.2920642
17-05-25 13:00,52.63,60.94398377
17-05-25 14:00,37.53,47.87781617
17-05-25 15:00,4.15,30.95014335
17-05-25 16:00,5.27,25.35053641
17-05-25 17:00,4.18,14.81024858
17-05-25 18:00,1.64,5.526540633
17-05-25 19:00,1.4,0
17-05-25 20:00,0,0
17-05-25 21:00,0,0
17-05-25 22:00,0,0
17-05-25 23:00,0,0
18-05-25 0:00,0,0
18-05-25 1:00,0,0
18-05-25 2:00,0,0
18-05-25 3:00,0,0
18-05-25 4:00,0,0
18-05-25 5:00,0,0
18-05-25 6:00,0.3,0
18-05-25 7:00,0.27,6.994439844
18-05-25 8:00,0,24.59447596
18-05-25 9:00,0,39.24828945
18-05-25 10:00,0,50.59772221
18-05-25 11:00,0,58.03942599
18-05-25 12:00,0,61.71338015
18-05-25 13:00,21.77,59.5658296
18-05-25 14:00,22.69,55.61933787
18-05-25 15:00,32.46,46.96891121
18-05-25 16:00,12.35,34.49277569
18-05-25 17:00,15,19.98406126
18-05-25 18:00,7.5,6.778981481
18-05-25 19:00,0,0
18-05-25 20:00,0,0
19-05-25 6:00,0,0
19-05-25 7:00,1.03,6.102166758
19-05-25 8:00,10.28,22.31176051
19-05-25 9:00,19.18,34.64813676
19-05-25 10:00,30.27,46.40713578
19-05-25 11:00,39.96,53.10346699
19-05-25 12:00,46.98,57.81494338
19-05-25 13:00,49.3,56.92638702
19-05-25 14:00,38.23,51.85641975
19-05-25 15:00,43.68,42.97987423
19-05-25 16:00,15.57,31.63948322
19-05-25 17:00,18.19,18.58879294
19-05-25 18:00,3.3,6.260270739
19-05-25 19:00,2.03,0
19-05-25 20:00,0.01,0
19-05-25 21:00,0,0
19-05-25 22:00,0,0
19-05-25 23:00,0,0
20-05-25 0:00,0,0
20-05-25 1:00,0,0
20-05-25 2:00,0,0
20-05-25 3:00,0,0
20-05-25 4:00,0,0
20-05-25 5:00,0,0
20-05-25 6:00,0.26,0
20-05-25 7:00,3.64,5.567805745
20-05-25 8:00,3.97,22.80789983
20-05-25 9:00,15.59,35.54441186
20-05-25 10:00,32.65,46.96765222
20-05-25 11:00,43.46,51.30247273
20-05-25 12:00,29.9,57.68380049
20-05-25 13:00,15.1,58.91486212
20-05-25 14:00,49.98,54.7996386
20-05-25 15:00,42.36,45.95973395
20-05-25 16:00,23.11,33.84697159
20-05-25 17:00,4.85,19.97840371
20-05-25 18:00,8.93,7.000017556
20-05-25 19:00,1.2,0
20-05-25 20:00,0,0
20-05-25 21:00,0,0
20-05-25 22:00,0,0
20-05-25 23:00,0,0
21-05-25 0:00,0,0
21-05-25 1:00,0,0
21-05-25 2:00,0,0
21-05-25 3:00,0,0
21-05-25 4:00,0,0
21-05-25 5:00,0,0
21-05-25 6:00,0.3,0
21-05-25 7:00,3.34,6.531132071
21-05-25 8:00,4.84,23.49005048
21-05-25 9:00,13.86,36.82573616
21-05-25 10:00,32.62,47.42306453
21-05-25 11:00,42.33,57.01535252
21-05-25 12:00,48.34,59.58300977
21-05-25 13:00,51.46,59.33269867
21-05-25 14:00,39.62,54.38962288
21-05-25 15:00,6.39,45.64441799
21-05-25 16:00,6.3,33.56165263
21-05-25 17:00,11.44,18.98068349
21-05-25 18:00,8.4,6.825367549
21-05-25 19:00,0.87,0
21-05-25 20:00,0,0
21-05-25 21:00,0,0
21-05-25 22:00,0,0
21-05-25 23:00,0,0
22-05-25 0:00,0,0
22-05-25 1:00,0,0
22-05-25 2:00,0,0
22-05-25 3:00,0,0
22-05-25 4:00,0,0
22-05-25 5:00,0,0
22-05-25 6:00,0.27,0
22-05-25 7:00,4.01,7.703294205
22-05-25 8:00,11.22,24.12664494
22-05-25 9:00,17.67,36.66818789
22-05-25 10:00,35.89,46.90700197
22-05-25 11:00,45.38,58.36922333
22-05-25 12:00,42.12,59.6289989
22-05-25 13:00,54.41,58.29495954
22-05-25 14:00,52.73,54.71722672
22-05-25 15:00,45.65,45.39698692
22-05-25 16:00,36.1,33.00308589
22-05-25 17:00,23.34,19.04065439
22-05-25 18:00,10.17,6.909106955
22-05-25 19:00,2.02,0
22-05-25 20:00,0.01,0
22-05-25 21:00,0,0
22-05-25 22:00,0,0
22-05-25 23:00,0,0
23-05-25 0:00,0,0
23-05-25 1:00,0,0
23-05-25 2:00,0,0
23-05-25 3:00,0,0
23-05-25 4:00,0,0
23-05-25 5:00,0,0
23-05-25 6:00,0.31,0
23-05-25 7:00,0.67,7.698569708
23-05-25 8:00,0,24.20288266
23-05-25 9:00,1.36,37.24527704
23-05-25 10:00,2.44,49.21288904
23-05-25 11:00,1.75,57.34747411
23-05-25 12:00,5.18,58.97659729
23-05-25 13:00,28.98,58.84289057
23-05-25 14:00,53.38,53.8154217
23-05-25 15:00,48.65,44.85100709
23-05-25 16:00,38.21,32.68544292
23-05-25 17:00,24.74,18.95311588
23-05-25 18:00,7.71,6.959637423
23-05-25 19:00,0.06,0
23-05-25 20:00,0,0
23-05-25 21:00,0,0
23-05-25 22:00,0,0
23-05-25 23:00,0,0
24-05-25 0:00,0,0
24-05-25 1:00,0,0
24-05-25 2:00,0,0
24-05-25 3:00,0,0
24-05-25 4:00,0,0
24-05-25 5:00,0,0
24-05-25 6:00,0.24,0
24-05-25 7:00,3.54,5.871837953
24-05-25 8:00,11.76,20.19583418
24-05-25 9:00,21.85,32.99728098
24-05-25 10:00,30.07,47.4768852
24-05-25 11:00,27.31,55.6385387
24-05-25 12:00,24.12,56.27102606
24-05-25 13:00,42,54.77670972
24-05-25 14:00,53.28,49.25857916
24-05-25 15:00,47.65,40.36976575
24-05-25 16:00,10.38,28.91060211
24-05-25 17:00,1.78,17.05795762
24-05-25 18:00,0.83,6.164154072
24-05-25 19:00,0.68,0
24-05-25 20:00,0.01,0
24-05-25 21:00,0,0
24-05-25 22:00,0,0
24-05-25 23:00,0,0
25-05-25 0:00,0,0
25-05-25 1:00,0,0
25-05-25 2:00,0,0
25-05-25 3:00,0,0
25-05-25 4:00,0,0
25-05-25 6:00,0,0
25-05-25 7:00,0,4.135769783
25-05-25 8:00,0,12.7452722
25-05-25 9:00,0,26.39930278
25-05-25 10:00,0,33.61668515
25-05-25 11:00,0,41.98723187
25-05-25 12:00,0,43.50337293
25-05-25 13:00,0,24.45200148
25-05-25 14:00,0,20.28347733
25-05-25 15:00,9.02,28.89220848
25-05-25 16:00,11.21,24.31759968
25-05-25 17:00,0,15.89755716
25-05-25 18:00,0,5.803959641
25-05-25 19:00,0,0
25-05-25 20:00,0,0
25-05-25 21:00,0,0
25-05-25 22:00,0,0
26-05-25 8:00,0,16.16460432
26-05-25 9:00,1.04,26.49995978
26-05-25 10:00,8.11,35.68056688
26-05-25 11:00,3.84,45.22428214
26-05-25 12:00,5.21,47.72855406
26-05-25 13:00,6.81,52.92846025
26-05-25 14:00,3.24,52.09017934
26-05-25 15:00,4.66,43.31879801
26-05-25 16:00,5.75,31.51887344
26-05-25 17:00,3.54,19.75468228
26-05-25 18:00,3.2,6.887976432
26-05-25 19:00,0.01,0
26-05-25 20:00,0,0
26-05-25 21:00,0,0
26-05-25 22:00,0,0
26-05-25 23:00,0,0
27-05-25 0:00,0,0
27-05-25 1:00,0,0
27-05-25 2:00,0,0
27-05-25 3:00,0,0
27-05-25 4:00,0,0
27-05-25 5:00,0,0
27-05-25 6:00,0.4,0
27-05-25 7:00,3.81,7.485171717
27-05-25 8:00,10.86,22.59632569
27-05-25 9:00,24.24,37.2822472
27-05-25 10:00,29.04,48.5843551
27-05-25 11:00,24.27,56.1216433
27-05-25 12:00,9.63,58.45335435
27-05-25 13:00,27.61,53.22377157
27-05-25 14:00,46.74,52.11870904
27-05-25 15:00,47.07,42.77323332
27-05-25 16:00,27.6,31.96387095
27-05-25 17:00,16.35,20.24381164
27-05-25 18:00,12.05,6.502537174
27-05-25 19:00,2.47,0
27-05-25 20:00,0.02,0
27-05-25 21:00,0,0
27-05-25 22:00,0,0
27-05-25 23:00,0,0
28-05-25 0:00,0,0
28-05-25 1:00,0,0
28-05-25 2:00,0,0
28-05-25 3:00,0,0
28-05-25 4:00,0,0
28-05-25 5:00,0,0
28-05-25 6:00,0.47,0
28-05-25 7:00,3.72,6.217583061
28-05-25 8:00,10.76,19.12235858
28-05-25 9:00,22.49,32.45106355
28-05-25 10:00,33.81,47.00769228
28-05-25 11:00,43.27,54.90203337
28-05-25 12:00,49.82,53.83671089
28-05-25 13:00,53.68,49.30477627
28-05-25 14:00,39.05,46.63971374
28-05-25 15:00,5.15,39.29436722
28-05-25 16:00,27.65,27.78857704
28-05-25 17:00,20.1,15.72085661
28-05-25 18:00,3.2,5.596909841
28-05-25 19:00,0.43,0
28-05-25 20:00,0.01,0
28-05-25 21:00,0,0
28-05-25 22:00,0,0
28-05-25 23:00,0,0
29-05-25 0:00,0,0
29-05-25 1:00,0,0
29-05-25 2:00,0,0
29-05-25 3:00,0,0
29-05-25 4:00,0,0
29-05-25 5:00,0,0
29-05-25 6:00,0.33,0
29-05-25 7:00,5.05,5.081735508
29-05-25 8:00,11.71,16.89052165
29-05-25 9:00,22.51,24.93443664
29-05-25 10:00,17.95,30.2395008
29-05-25 11:00,15.33,38.63777359
29-05-25 12:00,5.36,43.09018557
29-05-25 13:00,19.39,44.85373675
29-05-25 14:00,48.16,40.95956707
29-05-25 15:00,43.97,34.09487972
29-05-25 16:00,29.67,19.56810737
29-05-25 17:00,7.73,11.8986206
29-05-25 18:00,0.47,4.371544284
29-05-25 19:00,0,0
29-05-25 20:00,0,0
30-05-25 6:00,0,0
30-05-25 7:00,0.41,3.613496422
30-05-25 8:00,0,11.90210192
30-05-25 9:00,15.09,23.87976892
30-05-25 10:00,29.79,30.40215253
30-05-25 11:00,29.83,32.317483
30-05-25 12:00,15.64,32.3709574
30-05-25 13:00,20.86,27.07760805
30-05-25 14:00,9.51,26.80694515
30-05-25 15:00,19.25,33.03134483
30-05-25 16:00,9.62,26.49384716
30-05-25 17:00,3.45,16.75383155
30-05-25 18:00,4.15,6.177259758
30-05-25 19:00,3.62,0
30-05-25 20:00,0.03,0
30-05-25 21:00,0,0
30-05-25 22:00,0,0
30-05-25 23:00,0,0
31-05-25 0:00,0,0
31-05-25 1:00,0,0
31-05-25 2:00,0,0
31-05-25 3:00,0,0
31-05-25 4:00,0,0
31-05-25 5:00,0,0
31-05-25 6:00,0.24,0
31-05-25 7:00,3.83,7.358519979
31-05-25 8:00,10.55,22.74380914
31-05-25 9:00,21.96,35.81852997
31-05-25 10:00,33.45,46.71934936
31-05-25 11:00,41.24,54.54848578
31-05-25 12:00,47.45,57.82543298
31-05-25 13:00,9.46,52.60231693
31-05-25 14:00,21.93,45.96022991
31-05-25 15:00,30.15,36.99642232
31-05-25 16:00,11.58,14.89917257
31-05-25 17:00,6.65,8.64601753
31-05-25 18:00,1.11,3.65946187
31-05-25 19:00,0.06,0
31-05-25 20:00,0,0
31-05-25 21:00,0,0
31-05-25 22:00,0,0
31-05-25 23:00,0,0
01-06-25 0:00,0,0
01-06-25 1:00,0,0
01-06-25 2:00,0,0
01-06-25 3:00,0,0
01-06-25 4:00,0,0
01-06-25 5:00,0,0
01-06-25 6:00,0.28,0
01-06-25 7:00,3.19,6.06348023
01-06-25 8:00,9.16,18.79545126
01-06-25 9:00,21.86,28.82984598
01-06-25 10:00,31.11,32.64556687
01-06-25 11:00,22.01,43.97154555
01-06-25 12:00,7.44,46.39054589
01-06-25 13:00,14.07,39.52149838
01-06-25 14:00,24.1,42.43243311
01-06-25 15:00,40.95,37.29501164
01-06-25 16:00,36.14,21.3897481
01-06-25 17:00,7.26,12.14140672
01-06-25 18:00,0,5.268026124
01-06-25 19:00,0,0
01-06-25 20:00,0,0
01-06-25 23:00,0,0
02-06-25 0:00,0,0
02-06-25 1:00,0,0
02-06-25 2:00,0,0
02-06-25 3:00,0,0
02-06-25 4:00,0,0
02-06-25 5:00,0,0
02-06-25 6:00,0.35,0
02-06-25 7:00,4.42,6.681283515
02-06-25 8:00,11.35,21.80775101
02-06-25 9:00,23.45,33.75230668
02-06-25 10:00,34.57,47.22011306
02-06-25 11:00,45,55.5043013
02-06-25 12:00,51.19,60.6054154
02-06-25 13:00,47.47,60.44011009
02-06-25 14:00,20,55.23242252
02-06-25 15:00,15.17,36.6891248
02-06-25 16:00,11.6,20.30857081
02-06-25 17:00,7.12,12.27828803
02-06-25 18:00,1,5.086858094
02-06-25 19:00,0.37,0
02-06-25 20:00,0,0
02-06-25 21:00,0,0
02-06-25 22:00,0,0
02-06-25 23:00,0,0
03-06-25 0:00,0,0
03-06-25 1:00,0,0
03-06-25 2:00,0,0
03-06-25 3:00,0,0
03-06-25 4:00,0,0
03-06-25 5:00,0,0
03-06-25 6:00,0.15,0
03-06-25 7:00,3.11,6.681214197
03-06-25 8:00,10.88,20.95705489
03-06-25 9:00,22.21,31.66853288
03-06-25 10:00,28.75,30.72886641
03-06-25 11:00,30.37,36.54601678
03-06-25 12:00,35.76,35.36089457
03-06-25 13:00,7.06,29.16518865
03-06-25 14:00,10.42,26.65935634
03-06-25 15:00,4.53,25.99914648
03-06-25 16:00,2.37,28.17772761
03-06-25 17:00,2.16,16.58258211
03-06-25 18:00,7.17,6.506834826
03-06-25 19:00,2.27,0
03-06-25 20:00,0.02,0
03-06-25 21:00,0,0
03-06-25 22:00,0,0
03-06-25 23:00,0,0
04-06-25 0:00,0,0
04-06-25 1:00,0,0
04-06-25 2:00,0,0
04-06-25 3:00,0,0
04-06-25 4:00,0,0
04-06-25 5:00,0,0
04-06-25 6:00,0.43,0
04-06-25 7:00,1.97,4.269243061
04-06-25 8:00,8.88,12.04517563
04-06-25 9:00,9.62,21.08767761
04-06-25 11:00,31.33,34.92163958
04-06-25 12:00,41.9,51.50908746
04-06-25 13:00,25.77,58.31399155
04-06-25 14:00,19.59,53.59860651
04-06-25 15:00,44.97,42.53742179
04-06-25 16:00,42.13,29.30596662
04-06-25 17:00,16.93,16.69620781
04-06-25 18:00,7.14,6.386419422
04-06-25 19:00,2.76,0
04-06-25 20:00,0.04,0
04-06-25 21:00,0,0
04-06-25 22:00,0,0
04-06-25 23:00,0,0
05-06-25 0:00,0,0
05-06-25 1:00,0,0
05-06-25 2:00,0,0
05-06-25 3:00,0,0
05-06-25 4:00,0,0
05-06-25 5:00,0,0
05-06-25 6:00,0.32,0
05-06-25 7:00,3.79,6.724755894
05-06-25 8:00,12.56,21.15795773
05-06-25 9:00,20.73,32.62175438
05-06-25 10:00,32.3,49.93102518
05-06-25 11:00,48.19,58.05175855
05-06-25 12:00,54.52,62.23448363
05-06-25 13:00,22.27,61.67458405
05-06-25 14:00,54.78,56.83482599
05-06-25 15:00,50.31,47.27745111
05-06-25 16:00,37.53,35.127175
05-06-25 17:00,26.44,20.18633491
05-06-25 18:00,12.11,7.694492798
05-06-25 19:00,2.99,0
05-06-25 20:00,0.06,0
05-06-25 21:00,0,0
05-06-25 22:00,0,0
05-06-25 23:00,0,0
06-06-25 0:00,0,0
06-06-25 1:00,0,0
06-06-25 2:00,0,0
06-06-25 3:00,0,0
06-06-25 4:00,0,0
06-06-25 5:00,0,0
06-06-25 6:00,0.4,0
06-06-25 7:00,3.95,6.140729599
06-06-25 8:00,9.5,23.13802032
06-06-25 9:00,20.88,35.52415942
06-06-25 10:00,29.25,48.94062559
06-06-25 11:00,30.5,57.37983153
06-06-25 12:00,46.82,60.33152362
06-06-25 13:00,53.7,56.88982431
06-06-25 14:00,44.63,52.66438822
06-06-25 15:00,5.3,44.18308786
06-06-25 16:00,9.08,33.62726252
06-06-25 17:00,19.71,18.19756682
06-06-25 18:00,13.18,7.032181004
06-06-25 19:00,3.05,0
06-06-25 20:00,0.07,0
06-06-25 21:00,0,0
06-06-25 22:00,0,0
06-06-25 23:00,0,0
07-06-25 0:00,0,0
07-06-25 1:00,0,0
07-06-25 2:00,0,0
07-06-25 3:00,0,0
07-06-25 4:00,0,0
07-06-25 5:00,0,0
07-06-25 6:00,0.4,0
07-06-25 7:00,3.58,7.052615659
07-06-25 8:00,9.96,22.03611864
07-06-25 9:00,22.15,34.91623488
07-06-25 10:00,35.37,46.2318588
07-06-25 11:00,44.83,54.46969625
07-06-25 12:00,51.13,59.78370346
07-06-25 13:00,55.31,53.92110361
07-06-25 14:00,38.14,53.19811184
07-06-25 15:00,19.46,45.19589962
07-06-25 16:00,15.06,33.53090521
07-06-25 17:00,17.68,19.05338887
07-06-25 18:00,0.76,7.224130213
07-06-25 19:00,0.44,0
07-06-25 20:00,0.05,0
07-06-25 21:00,0,0
07-06-25 22:00,0,0
07-06-25 23:00,0,0
08-06-25 0:00,0,0
08-06-25 1:00,0,0
08-06-25 2:00,0,0
08-06-25 3:00,0,0
08-06-25 4:00,0,0
08-06-25 5:00,0,0
08-06-25 6:00,0.37,0
08-06-25 7:00,3.57,6.086345717
08-06-25 8:00,9.83,22.07595678
08-06-25 9:00,20.47,33.87887858
08-06-25 10:00,11.24,39.49656949
08-06-25 11:00,37.75,50.55501004
08-06-25 12:00,48.99,55.71726022
08-06-25 13:00,51.46,57.24609027
08-06-25 14:00,50.74,52.66411509
08-06-25 15:00,45.73,43.04192787
08-06-25 16:00,4.05,30.79104465
08-06-25 17:00,22.41,17.9009656
08-06-25 18:00,8.35,7.17574203
08-06-25 19:00,0,0
08-06-25 20:00,0,0
08-06-25 21:00,0,0
08-06-25 22:00,0,0
08-06-25 23:00,0,0
09-06-25 0:00,0,0
09-06-25 1:00,0,0
09-06-25 2:00,0,0
09-06-25 3:00,0,0
09-06-25 4:00,0,0
09-06-25 5:00,0,0
09-06-25 6:00,0.39,0
09-06-25 7:00,3.75,6.511831222
09-06-25 8:00,9.74,23.34780578
09-06-25 9:00,18.79,36.21083398
09-06-25 10:00,33.06,47.96060621
09-06-25 11:00,32.2,55.98842811
09-06-25 12:00,8.77,59.75928918
09-06-25 13:00,54.5,59.50802821
09-06-25 14:00,52.33,55.09330834
09-06-25 15:00,46.32,45.20780965
09-06-25 16:00,37.34,32.09507122
09-06-25 17:00,24.8,18.45502488
09-06-25 18:00,11.8,7.545015624
09-06-25 19:00,3.1,0
09-06-25 20:00,0.05,0
09-06-25 21:00,0,0
09-06-25 22:00,0,0
09-06-25 23:00,0,0
10-06-25 0:00,0,0
10-06-25 0:00,0,0
10-06-25 1:00,0,0
10-06-25 2:00,0,0
10-06-25 3:00,0,0
10-06-25 4:00,0,0
10-06-25 5:00,0,0
10-06-25 6:00,0.41,0
10-06-25 7:00,3.73,7.5727324
10-06-25 8:00,4.97,23.71152576
10-06-25 9:00,15.15,38.08629861
10-06-25 10:00,36.19,49.70175473
10-06-25 11:00,45.66,57.06650483
10-06-25 12:00,52.88,60.59024108
10-06-25 13:00,48.13,59.87989883
10-06-25 14:00,4.33,55.14943438
10-06-25 15:00,45.06,45.48813488
10-06-25 16:00,39.36,32.90669882
10-06-25 17:00,26.37,19.21966459
10-06-25 18:00,12.23,7.616159541
10-06-25 19:00,3.16,0
10-06-25 20:00,0.08,0
10-06-25 21:00,0,0
10-06-25 22:00,0,0
10-06-25 23:00,0,0
11-06-25 0:00,0,0
11-06-25 1:00,0,0
11-06-25 2:00,0,0
11-06-25 3:00,0,0
11-06-25 4:00,0,0
11-06-25 5:00,0,0
11-06-25 6:00,0.41,0
11-06-25 7:00,0.35,6.023598427
11-06-25 8:00,0.36,23.5007079
11-06-25 9:00,21.92,38.6726781
11-06-25 10:00,35.2,49.75069392
11-06-25 11:00,45.53,56.80506959
11-06-25 12:00,52.37,58.0246443
11-06-25 13:00,54.25,56.98815297
11-06-25 14:00,50.8,52.03255813
11-06-25 15:00,7.43,43.43522894
11-06-25 16:00,15.37,31.81438259
11-06-25 17:00,22.32,18.32544893
11-06-25 18:00,10.11,7.289985206
11-06-25 19:00,2.81,0
11-06-25 20:00,0.06,0
11-06-25 21:00,0,0
11-06-25 22:00,0,0
11-06-25 23:00,0,0
12-06-25 0:00,0,0
12-06-25 1:00,0,0
12-06-25 2:00,0,0
12-06-25 3:00,0,0
12-06-25 4:00,0,0
12-06-25 5:00,0,0
12-06-25 6:00,0.35,0
12-06-25 7:00,3.43,5.097069203
12-06-25 8:00,8.82,20.84920497
12-06-25 9:00,19.4,33.23063091
12-06-25 10:00,30.46,44.87795993
12-06-25 11:00,40.08,44.8946041
12-06-25 12:00,46.52,50.42505222
12-06-25 13:00,3.57,53.22498651
12-06-25 14:00,47.97,48.40391441
12-06-25 15:00,43.04,40.54508136
12-06-25 16:00,19.84,28.02904958
12-06-25 17:00,17.37,15.66786965
12-06-25 18:00,9.88,6.224042084
12-06-25 19:00,2.32,0
12-06-25 20:00,0,0
12-06-25 21:00,0,0
12-06-25 22:00,0,0
12-06-25 23:00,0,0
13-06-25 0:00,0,0
13-06-25 1:00,0,0
13-06-25 2:00,0,0
13-06-25 3:00,0,0
13-06-25 4:00,0,0
13-06-25 5:00,0,0
13-06-25 6:00,0.35,0
13-06-25 7:00,3.73,5.210686915
13-06-25 8:00,10.16,17.1545269
13-06-25 9:00,20.58,28.96288628
13-06-25 10:00,32.17,41.5831231
13-06-25 11:00,41.02,47.92912442
13-06-25 12:00,34.6,47.42401253
13-06-25 13:00,4.51,39.24814974
13-06-25 14:00,40.48,41.48324273
13-06-25 15:00,44.17,38.04494784
13-06-25 16:00,35.42,26.46046508
13-06-25 17:00,22.18,15.11336019
13-06-25 18:00,8.25,5.987200763
13-06-25 19:00,2.32,0
13-06-25 20:00,0.02,0
13-06-25 21:00,0,0
13-06-25 22:00,0,0
13-06-25 23:00,0,0
14-06-25 0:00,0,0
14-06-25 1:00,0,0
14-06-25 2:00,0,0
14-06-25 3:00,0,0
14-06-25 4:00,0,0
14-06-25 5:00,0,0
14-06-25 6:00,0.34,0
14-06-25 7:00,3.74,4.700936338
14-06-25 8:00,10.01,17.71056942
14-06-25 9:00,19.81,29.6019414
14-06-25 10:00,31.02,39.99482891
14-06-25 11:00,39.68,49.32332676
14-06-25 12:00,47.55,54.78592007
14-06-25 13:00,50.23,54.05882687
14-06-25 14:00,49,49.07956547
14-06-25 15:00,43.69,41.34990838
14-06-25 16:00,33.69,29.68526648
14-06-25 17:00,3.18,16.92601768
14-06-25 18:00,7.07,6.506025213
14-06-25 19:00,2.89,0
14-06-25 20:00,0.05,0
14-06-25 21:00,0,0
14-06-25 22:00,0,0
14-06-25 23:00,0,0
15-06-25 0:00,0,0
15-06-25 1:00,0,0
15-06-25 2:00,0,0
15-06-25 3:00,0,0
15-06-25 4:00,0,0
15-06-25 5:00,0,0
15-06-25 6:00,0,0
15-06-25 7:00,0.02,4.627107345
15-06-25 8:00,2.96,16.71630755
15-06-25 9:00,0.07,23.0630535
15-06-25 10:00,26.4,30.8223142
15-06-25 11:00,43.8,42.0954089
15-06-25 12:00,44.95,38.77510877
15-06-25 13:00,47.46,40.29926019
15-06-25 14:00,36.24,37.56479378
15-06-25 15:00,25.52,36.0154912
15-06-25 16:00,16.98,26.32990167
15-06-25 17:00,0,14.89525442
15-06-25 18:00,0,5.860583704
15-06-25 19:00,0,0
15-06-25 20:00,0,0
16-06-25 6:00,0,0
16-06-25 7:00,0,3.621520139
16-06-25 8:00,5.91,13.29456329
16-06-25 9:00,10.72,18.15630897
16-06-25 10:00,18.79,22.3673439
16-06-25 11:00,27.25,26.90482859
16-06-25 12:00,12.22,33.70623246
16-06-25 13:00,18.61,36.4265645
16-06-25 14:00,23.63,34.52339654
16-06-25 15:00,19.62,30.35530833
16-06-25 16:00,41.36,23.26240255
16-06-25 17:00,15.63,13.54111409
16-06-25 18:00,7.48,5.981883988
16-06-25 19:00,1.42,0
16-06-25 20:00,0.04,0
16-06-25 21:00,0,0
16-06-25 22:00,0,0
16-06-25 23:00,0,0
17-06-25 0:00,0,0
17-06-25 1:00,0,0
17-06-25 2:00,0,0
17-06-25 3:00,0,0
17-06-25 4:00,0,0
17-06-25 5:00,0,0
17-06-25 6:00,0.43,0
17-06-25 7:00,5.58,3.975662148
17-06-25 8:00,12.87,13.52729113
17-06-25 9:00,12.63,24.15545645
17-06-25 10:00,28.03,35.04548223
17-06-25 11:00,12.02,43.40124394
17-06-25 12:00,17.46,39.34510604
17-06-25 13:00,44.75,40.05486628
17-06-25 14:00,19.59,27.84409616
17-06-25 15:00,6.65,20.65155416
17-06-25 16:00,29.61,8.356619818
17-06-25 17:00,15.21,4.649630841
17-06-25 18:00,0.83,1.818996617
17-06-25 19:00,0,0
17-06-25 20:00,0,0
17-06-25 21:00,0,0
17-06-25 22:00,0,0
17-06-25 23:00,0,0
18-06-25 0:00,0,0
18-06-25 1:00,0,0
18-06-25 2:00,0,0
18-06-25 3:00,0,0
18-06-25 4:00,0,0
18-06-25 5:00,0,0
18-06-25 6:00,0.02,0
18-06-25 7:00,1.71,3.572863395
18-06-25 8:00,5.37,11.57803867
18-06-25 9:00,10.69,20.12291978
18-06-25 10:00,12.87,30.1876648
18-06-25 11:00,25.41,34.84278856
18-06-25 12:00,26.97,42.1745933
18-06-25 13:00,12.93,37.37562255
18-06-25 14:00,8.68,44.56385182
18-06-25 15:00,46.31,39.10314727
18-06-25 16:00,12.68,30.48714234
18-06-25 17:00,18.46,17.97175089
18-06-25 18:00,10.94,7.410783811
18-06-25 19:00,2.11,0
18-06-25 20:00,0.03,0
19-06-25 6:00,0,0
19-06-25 7:00,0,4.382533788
19-06-25 8:00,4.55,16.00952472
19-06-25 9:00,10.02,23.77040871
19-06-25 10:00,15.44,34.23930418
19-06-25 11:00,20.18,43.18924142
19-06-25 12:00,35.1,48.8419131
19-06-25 13:00,60.09,55.54720547
19-06-25 14:00,32.5,48.58459566
19-06-25 15:00,15.65,43.69489212
19-06-25 16:00,36.22,33.02161793
19-06-25 17:00,25.66,19.81990553
19-06-25 18:00,3.62,8.106258766
19-06-25 19:00,1.72,0
19-06-25 20:00,0.14,0
19-06-25 21:00,0,0
19-06-25 22:00,0,0
19-06-25 23:00,0,0
20-06-25 0:00,0,0
20-06-25 1:00,0,0
20-06-25 2:00,0,0
20-06-25 3:00,0,0
20-06-25 4:00,0,0
20-06-25 5:00,0,0
20-06-25 6:00,0.38,0
20-06-25 7:00,4.25,3.568010174
20-06-25 8:00,9.45,13.77529188
20-06-25 9:00,12.79,19.67004697
20-06-25 10:00,19.72,22.68235067
20-06-25 11:00,7.93,25.09986806
20-06-25 12:00,13.19,30.33865175
20-06-25 13:00,2.05,29.38147834
20-06-25 14:00,24.42,29.45736378
20-06-25 15:00,12.93,30.93088433
20-06-25 16:00,31.61,24.27251079
20-06-25 17:00,11.4,14.48784219
20-06-25 18:00,10.94,5.743243056
20-06-25 19:00,2.14,0
20-06-25 20:00,0,0
20-06-25 21:00,0,0
20-06-25 22:00,0,0
20-06-25 23:00,0,0
21-06-25 0:00,0,0
21-06-25 1:00,0,0
21-06-25 2:00,0,0
21-06-25 3:00,0,0
21-06-25 4:00,0,0
21-06-25 5:00,0,0
21-06-25 6:00,0.49,0
21-06-25 7:00,5.35,5.262100276
21-06-25 8:00,10.9,21.19617692
21-06-25 9:00,20.52,36.1617686
21-06-25 10:00,32.03,45.5901567
21-06-25 11:00,44.68,47.03446631
21-06-25 12:00,39.29,45.67740716
21-06-25 13:00,2.67,46.69858191
21-06-25 14:00,16.35,43.01422041
21-06-25 15:00,28.49,30.16320993
21-06-25 16:00,24.7,24.36462251
21-06-25 17:00,6.13,14.81531411
21-06-25 18:00,3.22,6.288829205
21-06-25 19:00,1.51,0
21-06-25 20:00,0,0
21-06-25 21:00,0,0
21-06-25 22:00,0,0
21-06-25 23:00,0,0
22-06-25 0:00,0,0
22-06-25 1:00,0,0
22-06-25 2:00,0,0
22-06-25 3:00,0,0
22-06-25 4:00,0,0
22-06-25 5:00,0,0
22-06-25 6:00,0.29,0
22-06-25 7:00,3.75,4.939580462
22-06-25 8:00,10.77,20.67140236
22-06-25 9:00,21.95,28.53682886
22-06-25 10:00,31.26,28.59474255
22-06-25 11:00,32.23,26.8984279
22-06-25 12:00,31.81,34.75919581
22-06-25 13:00,37.52,21.23289743
22-06-25 14:00,37.56,26.20471071
22-06-25 15:00,21.43,26.42121393
22-06-25 16:00,5.9,22.47018864
22-06-25 17:00,10.74,13.79138688
22-06-25 18:00,9.29,5.89722579
22-06-25 19:00,2.47,0
22-06-25 20:00,0.01,0
22-06-25 21:00,0,0
22-06-25 22:00,0,0
22-06-25 23:00,0,0
23-06-25 0:00,0,0
23-06-25 1:00,0,0
23-06-25 2:00,0,0
23-06-25 3:00,0,0
23-06-25 4:00,0,0
23-06-25 5:00,0,0
23-06-25 6:00,0.13,0
23-06-25 7:00,2.99,4.37807975
23-06-25 8:00,11.13,18.75072927
23-06-25 9:00,18.89,27.68828995
23-06-25 10:00,28.15,39.58481147
23-06-25 11:00,20.3,43.15063775
23-06-25 12:00,29.18,41.35289544
23-06-25 13:00,42.99,38.68869315
23-06-25 14:00,30.34,38.96287122
23-06-25 15:00,28.01,34.52779419
23-06-25 16:00,16.48,23.96063608
23-06-25 17:00,12.78,14.43913613
23-06-25 18:00,12.57,6.190351714
23-06-25 19:00,3.34,0
23-06-25 20:00,0,0
23-06-25 21:00,0,0
23-06-25 22:00,0,0
23-06-25 23:00,0,0
24-06-25 0:00,0,0
24-06-25 1:00,0,0
24-06-25 2:00,0,0
24-06-25 3:00,0,0
24-06-25 4:00,0,0
24-06-25 5:00,0,0
24-06-25 6:00,0.12,0
24-06-25 7:00,3.26,3.517194505
24-06-25 8:00,11.66,12.52359263
24-06-25 9:00,21.21,22.03814524
24-06-25 10:00,31.6,29.56154528
24-06-25 11:00,17.53,35.24160738
24-06-25 12:00,18.61,39.3066899
24-06-25 13:00,7.36,34.94776364
24-06-25 14:00,36.71,32.67256863
24-06-25 15:00,46.92,19.81667533
24-06-25 16:00,33.82,13.04415634
24-06-25 17:00,2.68,7.671619473
24-06-25 18:00,4.01,3.187756442
24-06-25 19:00,3.25,0
24-06-25 20:00,0.06,0
24-06-25 21:00,0,0
24-06-25 22:00,0,0
24-06-25 23:00,0,0
25-06-25 0:00,0,0
25-06-25 1:00,0,0
25-06-25 2:00,0,0
25-06-25 3:00,0,0
25-06-25 4:00,0,0
25-06-25 5:00,0,0
25-06-25 6:00,0.09,0
25-06-25 7:00,2.02,2.810086953
25-06-25 8:00,8.08,6.464607247
25-06-25 9:00,20.79,8.856040091
25-06-25 10:00,20.83,9.754895256
25-06-25 11:00,17.63,11.89554883
25-06-25 12:00,10.15,16.03523911
25-06-25 13:00,31.94,23.059549
25-06-25 14:00,36.19,27.48191657
25-06-25 15:00,24.08,28.94230244
25-06-25 16:00,16.88,24.74742985
25-06-25 17:00,13.01,15.08641418
25-06-25 18:00,13.11,6.471921665
25-06-25 19:00,2.23,0
25-06-25 20:00,0.22,0
25-06-25 21:00,0,0
25-06-25 22:00,0,0
25-06-25 23:00,0,0
26-06-25 0:00,0,0
26-06-25 1:00,0,0
26-06-25 2:00,0,0
26-06-25 3:00,0,0
26-06-25 4:00,0,0
26-06-25 5:00,0,0
26-06-25 6:00,0.13,0
26-06-25 7:00,0.01,4.283683322
26-06-25 8:00,8.34,16.49442411
26-06-25 9:00,18.86,35.04824263
26-06-25 10:00,35.39,48.29336003
26-06-25 11:00,35.78,50.46173688
26-06-25 12:00,12.91,51.16940482
26-06-25 13:00,21.75,51.03055455
26-06-25 14:00,48.59,47.25580899
26-06-25 15:00,37.42,39.32272024
26-06-25 16:00,21.7,28.36677681
26-06-25 17:00,28.89,18.13918929
26-06-25 18:00,9.56,7.817570287
26-06-25 19:00,4.46,0
26-06-25 20:00,0.14,0
26-06-25 21:00,0,0
26-06-25 22:00,0,0
26-06-25 23:00,0,0
27-06-25 0:00,0,0
27-06-25 1:00,0,0
27-06-25 2:00,0,0
27-06-25 3:00,0,0
27-06-25 4:00,0,0
27-06-25 5:00,0,0
27-06-25 6:00,0.21,0
27-06-25 7:00,3.49,5.450855883
27-06-25 8:00,8.83,23.40834429
27-06-25 9:00,22.52,36.92644434
27-06-25 10:00,25.82,45.30677019
27-06-25 11:00,41.06,57.92163367
27-06-25 12:00,13.87,58.01369987
27-06-25 13:00,12.7,53.37540112
27-06-25 14:00,41.91,49.42620976
27-06-25 15:00,34.29,42.1763421
27-06-25 16:00,29.4,34.7094222
27-06-25 17:00,21.56,21.39966274
27-06-25 18:00,9.57,8.652551577
27-06-25 19:00,3.39,0
27-06-25 20:00,0.1,0
27-06-25 21:00,0,0
27-06-25 22:00,0,0
27-06-25 23:00,0,0
28-06-25 0:00,0,0
28-06-25 1:00,0,0
28-06-25 2:00,0,0
28-06-25 3:00,0,0
28-06-25 4:00,0,0
28-06-25 5:00,0,0
28-06-25 6:00,0.3,0
28-06-25 7:00,4.38,4.466442926
28-06-25 8:00,10.53,17.98014179
28-06-25 9:00,18.91,29.38179097
28-06-25 10:00,30.06,37.05034511
28-06-25 11:00,29.7,41.70260334
28-06-25 12:00,41.33,41.85361634
28-06-25 13:00,15.3,42.94634247
28-06-25 14:00,18.64,27.00854938
28-06-25 15:00,14.87,21.30738172
28-06-25 16:00,0.05,9.32125942
28-06-25 17:00,0.21,5.475414002
28-06-25 18:00,0.52,2.568620816
28-06-25 19:00,0.71,0
28-06-25 20:00,0.03,0
28-06-25 21:00,0,0
28-06-25 22:00,0,0
28-06-25 23:00,0,0
29-06-25 0:00,0,0
29-06-25 1:00,0,0
29-06-25 2:00,0,0
29-06-25 3:00,0,0
29-06-25 4:00,0,0
29-06-25 5:00,0,0
29-06-25 6:00,0.24,0
29-06-25 7:00,6.02,4.181413417
29-06-25 8:00,8.54,17.76273951
29-06-25 9:00,15.34,25.94888907
29-06-25 10:00,26.35,28.52249409
29-06-25 11:00,36.12,25.50963602
29-06-25 12:00,27.9,18.96151181
29-06-25 13:00,1.84,7.768858299
29-06-25 14:00,0.57,8.904633615
29-06-25 15:00,1.23,7.822156855
29-06-25 16:00,1.84,7.984454224
29-06-25 17:00,0,5.948874888
29-06-25 18:00,0,3.059768183
29-06-25 19:00,0,0
29-06-25 20:00,0,0
29-06-25 22:00,0,0
29-06-25 23:00,0,0
30-06-25 0:00,0,0
30-06-25 1:00,0,0
30-06-25 2:00,0,0
30-06-25 3:00,0,0
30-06-25 4:00,0,0
30-06-25 5:00,0,0
30-06-25 6:00,0.04,0
30-06-25 7:00,0.53,1.44479835
30-06-25 8:00,0.97,6.597000062
30-06-25 9:00,4.62,9.374977102
30-06-25 10:00,12.94,12.34807592
30-06-25 11:00,13.61,12.77747757
30-06-25 12:00,9.6,17.74274394
30-06-25 13:00,25.62,24.75665737
30-06-25 14:00,30.43,25.54661455
30-06-25 15:00,20.33,17.47589285
30-06-25 16:00,17.84,10.65979201
30-06-25 17:00,8.75,5.679921997
30-06-25 18:00,2.51,2.367475575
30-06-25 19:00,0.55,0
30-06-25 20:00,0.01,0
30-06-25 21:00,0,0
30-06-25 22:00,0,0
30-06-25 23:00,0,0
01-07-25 0:00,0,0
01-07-25 1:00,0,0
01-07-25 2:00,0,0
01-07-25 3:00,0,0
01-07-25 4:00,0,0
01-07-25 5:00,0,0
01-07-25 6:00,0.3,0
01-07-25 7:00,1.97,1.110108809
01-07-25 8:00,11.21,4.644878532
01-07-25 9:00,7.04,10.60729813
01-07-25 10:00,14.45,25.90018012
01-07-25 11:00,30.53,33.46207648
01-07-25 12:00,46.21,43.0718054
01-07-25 13:00,0.74,44.17762455
01-07-25 14:00,36.95,45.09090758
01-07-25 15:00,42.04,36.45211814
01-07-25 16:00,42.88,26.80106335
01-07-25 17:00,16.21,17.62239159
01-07-25 18:00,14.73,7.248474904
01-07-25 19:00,2.3,0
01-07-25 20:00,0.05,0
01-07-25 21:00,0,0
01-07-25 22:00,0,0
01-07-25 23:00,0,0
02-07-25 0:00,0,0
02-07-25 1:00,0,0
02-07-25 2:00,0,0
02-07-25 3:00,0,0
02-07-25 4:00,0,0
02-07-25 5:00,0,0
02-07-25 6:00,0.25,0
02-07-25 7:00,5.28,4.805360898
02-07-25 8:00,7.11,21.40060409
02-07-25 9:00,23.52,33.20545532
02-07-25 10:00,35.98,41.78606597
02-07-25 11:00,26.88,48.62086906
02-07-25 12:00,48.43,55.61020345
02-07-25 13:00,50.25,53.51475685
02-07-25 14:00,11.51,49.98899307
02-07-25 15:00,32.67,40.28942785
02-07-25 16:00,33.85,30.7206217
02-07-25 17:00,18.51,20.10394001
02-07-25 18:00,2,8.010873588
02-07-25 19:00,3.77,0
02-07-25 20:00,0.13,0
02-07-25 21:00,0,0
02-07-25 22:00,0,0
02-07-25 23:00,0,0
03-07-25 0:00,0,0
03-07-25 1:00,0,0
03-07-25 2:00,0,0
03-07-25 3:00,0,0
03-07-25 4:00,0,0
03-07-25 5:00,0,0
03-07-25 6:00,0.31,0
03-07-25 7:00,3.54,4.441146767
03-07-25 8:00,10.75,20.07653192
03-07-25 9:00,21.83,31.55261496
03-07-25 10:00,28.89,41.78367747
03-07-25 11:00,37.39,48.38579704
03-07-25 12:00,37.18,54.44720119
03-07-25 13:00,25.47,48.73977861
03-07-25 14:00,1.7,47.75348423
03-07-25 15:00,36.07,39.05900976
03-07-25 16:00,13.18,25.85396569
03-07-25 17:00,18.59,17.81876071
03-07-25 18:00,12.03,7.376238309
03-07-25 19:00,3.82,0
03-07-25 20:00,0.05,0
03-07-25 21:00,0,0
03-07-25 22:00,0,0
03-07-25 23:00,0,0
04-07-25 0:00,0,0
04-07-25 1:00,0,0
04-07-25 2:00,0,0
04-07-25 3:00,0,0
04-07-25 4:00,0,0
04-07-25 5:00,0,0
04-07-25 6:00,0.54,0
04-07-25 7:00,4.62,4.278439622
04-07-25 8:00,5.75,17.47976444
04-07-25 9:00,16.07,35.45001969
04-07-25 10:00,28.59,46.05915543
04-07-25 11:00,27.32,49.56250233
04-07-25 12:00,10.93,45.36703583
04-07-25 13:00,10.86,42.42015988
04-07-25 14:00,35.51,37.3831406
04-07-25 15:00,45.35,30.85341111
04-07-25 16:00,14.23,22.85486831
04-07-25 17:00,11.29,14.45579869
04-07-25 18:00,5.36,6.894931669
04-07-25 19:00,2.91,0
04-07-25 20:00,0.06,0
04-07-25 21:00,0,0
04-07-25 22:00,0,0
04-07-25 23:00,0,0
05-07-25 0:00,0,0
05-07-25 1:00,0,0
05-07-25 2:00,0,0
05-07-25 3:00,0,0
05-07-25 4:00,0,0
05-07-25 5:00,0,0
05-07-25 6:00,0.1,0
05-07-25 7:00,4.66,3.370192865
05-07-25 8:00,10.08,13.98742046
05-07-25 9:00,21.23,25.3163475
05-07-25 10:00,24.35,37.59439033
05-07-25 11:00,38.05,41.17962333
05-07-25 12:00,15.58,33.92268721
05-07-25 13:00,5.78,39.05517011
05-07-25 14:00,10.72,43.1558066
05-07-25 15:00,45.23,35.61901203
05-07-25 16:00,20.69,24.2569243
05-07-25 17:00,6.2,14.67809012
05-07-25 18:00,2.63,5.870015931
05-07-25 19:00,1.96,0
05-07-25 20:00,0.01,0
05-07-25 21:00,0,0
05-07-25 22:00,0,0
05-07-25 23:00,0,0
06-07-25 0:00,0,0
06-07-25 1:00,0,0
06-07-25 2:00,0,0
06-07-25 3:00,0,0
06-07-25 4:00,0,0
06-07-25 5:00,0,0
06-07-25 6:00,0.22,0
06-07-25 7:00,1.55,2.146286423
06-07-25 8:00,7.08,10.02241455
06-07-25 9:00,11.7,19.35135513
06-07-25 10:00,19.13,31.33636799
06-07-25 11:00,40.74,35.61766452
06-07-25 12:00,34.49,38.91583255
06-07-25 13:00,41.98,36.8814447
06-07-25 14:00,32.24,21.73785492
06-07-25 15:00,20.62,8.72569438
06-07-25 16:00,11.42,15.92967683
06-07-25 17:00,13.08,13.12646136
06-07-25 18:00,9.04,5.712722677
06-07-25 19:00,3.5,0
06-07-25 20:00,0.02,0
06-07-25 21:00,0,0
06-07-25 22:00,0,0
06-07-25 23:00,0,0
07-07-25 0:00,0,0
07-07-25 1:00,0,0
07-07-25 6:00,0,0
07-07-25 7:00,0,0.642324212
07-07-25 8:00,0.01,2.344085661
07-07-25 9:00,0.37,9.59859642
07-07-25 10:00,4.95,18.9725465
07-07-25 11:00,3.41,27.86750537
07-07-25 12:00,4.81,38.50092401
07-07-25 13:00,2.94,40.87896476
07-07-25 14:00,0.69,42.08821951
07-07-25 15:00,44.58,37.75488189
07-07-25 16:00,38.26,28.70366469
07-07-25 17:00,25.64,19.03322825
07-07-25 18:00,10.02,8.32492509
07-07-25 19:00,0.01,0
07-07-25 20:00,0.17,0
07-07-25 21:00,0,0
07-07-25 22:00,0,0
07-07-25 23:00,0,0
08-07-25 0:00,0,0
08-07-25 1:00,0,0
08-07-25 2:00,0,0
08-07-25 3:00,0,0
08-07-25 4:00,0,0
08-07-25 5:00,0,0
08-07-25 6:00,0.28,0
08-07-25 7:00,4.13,3.465273092
08-07-25 8:00,3.95,16.51742406
08-07-25 9:00,13.47,31.09883769
08-07-25 10:00,33.6,43.08197074
08-07-25 11:00,37.37,44.94365838
08-07-25 12:00,15.55,51.59710757
08-07-25 13:00,26.26,46.30097859
08-07-25 14:00,43.48,45.30230215
08-07-25 15:00,50.84,38.74817351
08-07-25 16:00,45.41,27.58286537
08-07-25 17:00,32.09,17.53034146
08-07-25 18:00,17.68,6.8182243
08-07-25 19:00,7.01,0
08-07-25 20:00,0.25,0
08-07-25 21:00,0,0
08-07-25 22:00,0,0
08-07-25 23:00,0,0
09-07-25 0:00,0,0
09-07-25 1:00,0,0
09-07-25 2:00,0,0
09-07-25 3:00,0,0
09-07-25 4:00,0,0
09-07-25 5:00,0,0
09-07-25 6:00,0.18,0
09-07-25 7:00,4.27,2.910188888
09-07-25 8:00,12.8,13.58978639
09-07-25 9:00,21.6,22.36649377
09-07-25 10:00,34.64,34.5856187
09-07-25 11:00,39.96,41.96779239
09-07-25 12:00,35.46,45.17458946
09-07-25 13:00,6.84,39.95039216
09-07-25 14:00,33.5,44.07222335
09-07-25 15:00,40.32,33.50556858
09-07-25 16:00,29.19,22.98520336
09-07-25 17:00,17.82,10.43065527
09-07-25 18:00,8.27,2.926705544
09-07-25 19:00,1.16,0
09-07-25 20:00,0,0
09-07-25 21:00,0,0
09-07-25 22:00,0,0
09-07-25 23:00,0,0
10-07-25 0:00,0,0
10-07-25 1:00,0,0
10-07-25 2:00,0,0
10-07-25 3:00,0,0
10-07-25 4:00,0,0
10-07-25 5:00,0,0
10-07-25 6:00,0.05,0
10-07-25 7:00,2.93,1.648727641
10-07-25 8:00,0,8.607166267
10-07-25 9:00,0,12.64650547
10-07-25 10:00,0,19.91339284
10-07-25 11:00,0,29.90288747
10-07-25 12:00,0,27.45737959
10-07-25 13:00,0,28.87239609
10-07-25 14:00,0,35.04197342
10-07-25 15:00,0,22.18180092
10-07-25 16:00,0,21.37886
10-07-25 17:00,0,12.5352244
10-07-25 18:00,0,5.474516972
10-07-25 19:00,0,0
10-07-25 20:00,0,0
10-07-25 22:00,0,0
10-07-25 23:00,0,0
11-07-25 0:00,0,0
11-07-25 1:00,0,0
11-07-25 2:00,0,0
11-07-25 3:00,0,0
11-07-25 4:00,0,0
11-07-25 5:00,0,0
11-07-25 6:00,0.18,0
11-07-25 7:00,2.73,3.109299132
11-07-25 8:00,10.09,16.68185003
11-07-25 9:00,15.81,27.85555705
11-07-25 10:00,34.86,33.8848702
11-07-25 11:00,21.85,36.44961638
11-07-25 12:00,31.91,42.66055799
11-07-25 13:00,4.71,37.76765441
11-07-25 14:00,7.5,29.73436322
11-07-25 15:00,31.42,31.79682887
11-07-25 16:00,31.25,27.98311603
11-07-25 17:00,3.07,19.50272583
11-07-25 18:00,2.57,8.339066569
11-07-25 19:00,0.38,0
11-07-25 20:00,0,0
12-07-25 6:00,0,0
12-07-25 7:00,0,3.795029288
12-07-25 8:00,6.09,21.19728224
12-07-25 9:00,4.16,32.21646256
12-07-25 10:00,6.19,39.8351661
12-07-25 11:00,29.44,49.38495558
12-07-25 12:00,43.8,51.79610712
12-07-25 13:00,9.77,50.93031109
12-07-25 14:00,43.61,42.58532153
12-07-25 15:00,24.33,30.62124281
12-07-25 16:00,17.8,9.255600705
12-07-25 17:00,7.64,5.527377731
12-07-25 18:00,5.52,2.257904474
12-07-25 19:00,3.17,0
12-07-25 20:00,0.14,0
12-07-25 21:00,0,0
12-07-25 22:00,0,0
12-07-25 23:00,0,0
13-07-25 0:00,0,0
13-07-25 1:00,0,0
13-07-25 2:00,0,0
13-07-25 3:00,0,0
13-07-25 4:00,0,0
13-07-25 5:00,0,0
13-07-25 6:00,0.04,0
13-07-25 7:00,3.45,2.703415647
13-07-25 8:00,9.01,16.2828698
13-07-25 9:00,9.3,26.31171612
13-07-25 10:00,16.65,33.26729719
13-07-25 11:00,26.49,41.6645952
13-07-25 12:00,46.88,47.8586257
13-07-25 13:00,30.9,49.28042392
13-07-25 14:00,37.3,41.27432506
13-07-25 15:00,9.57,35.08962793
13-07-25 16:00,0,29.48485405
13-07-25 17:00,6.57,17.38327123
13-07-25 18:00,11.24,7.183579104
13-07-25 19:00,0,0
13-07-25 20:00,0,0
13-07-25 22:00,0,0
13-07-25 23:00,0,0
14-07-25 0:00,0,0
14-07-25 2:00,0,0
14-07-25 3:00,0,0
14-07-25 4:00,0,0
14-07-25 5:00,0,0
14-07-25 6:00,0.14,0
14-07-25 7:00,3.12,1.321280542
14-07-25 8:00,5.59,9.446566982
14-07-25 9:00,6.97,20.22085709
14-07-25 10:00,29.23,30.20656253
14-07-25 11:00,20.09,34.51719627
14-07-25 12:00,22.13,42.88055685
14-07-25 13:00,29.68,47.65273925
14-07-25 14:00,31.63,44.25251602
14-07-25 15:00,29.04,37.30119468
14-07-25 16:00,21.14,26.8582173
14-07-25 17:00,5.77,17.04586441
14-07-25 18:00,1.67,7.095319311
14-07-25 19:00,0.26,0
14-07-25 20:00,0.01,0
14-07-25 21:00,0,0
14-07-25 22:00,0,0
14-07-25 23:00,0,0
15-07-25 0:00,0,0
15-07-25 0:00,0,0
15-07-25 1:00,0,0
15-07-25 2:00,0,0
15-07-25 3:00,0,0
15-07-25 4:00,0,0
15-07-25 5:00,0,0
15-07-25 6:00,0.18,0
15-07-25 7:00,2.74,2.739140676
15-07-25 8:00,8.45,15.2160561
15-07-25 9:00,18.42,30.01937161
15-07-25 10:00,28.54,38.78074361
15-07-25 11:00,45.4,48.45914214
15-07-25 12:00,58.22,53.73115584
15-07-25 13:00,34.27,51.13730585
15-07-25 14:00,6.47,35.28691685
15-07-25 15:00,6.6,29.92957796
15-07-25 16:00,4.18,21.0391301
15-07-25 17:00,11.69,13.47170194
15-07-25 18:00,12.94,5.611417476
15-07-25 19:00,7.75,0
15-07-25 20:00,0.29,0
15-07-25 21:00,0,0
15-07-25 22:00,0,0
15-07-25 23:00,0,0
16-07-25 0:00,0,0
16-07-25 1:00,0,0
16-07-25 2:00,0,0
16-07-25 3:00,0,0
16-07-25 4:00,0,0
16-07-25 5:00,0,0
16-07-25 6:00,0.17,0
16-07-25 7:00,3.47,2.862424353
16-07-25 8:00,12.56,17.78305535
16-07-25 9:00,20.57,24.58070108
16-07-25 10:00,18.79,39.13605235
16-07-25 11:00,20,43.16508289
16-07-25 12:00,40.43,48.73204899
16-07-25 13:00,48.66,48.44165307
16-07-25 14:00,21.5,42.82159413
16-07-25 15:00,26.08,34.68885842
16-07-25 16:00,24.81,27.43176997
16-07-25 17:00,3.55,17.44509234
16-07-25 18:00,8.03,6.839998465
16-07-25 19:00,2.18,0
16-07-25 20:00,0.06,0
16-07-25 21:00,0,0
16-07-25 22:00,0,0
16-07-25 23:00,0,0
17-07-25 0:00,0,0
17-07-25 1:00,0,0
17-07-25 2:00,0,0
17-07-25 3:00,0,0
17-07-25 4:00,0,0
17-07-25 5:00,0,0
17-07-25 6:00,0.04,0
17-07-25 7:00,2.38,2.088136269
17-07-25 8:00,5.53,12.85810522
17-07-25 9:00,14.51,19.18778014
17-07-25 10:00,12.27,27.09668478
17-07-25 11:00,21.52,33.26733577
17-07-25 12:00,31.55,35.70144861
17-07-25 13:00,23.88,37.10203231
17-07-25 14:00,29.31,43.85180506
17-07-25 15:00,10.61,40.67419202
17-07-25 16:00,14.45,30.18582288
17-07-25 17:00,15.64,19.56656069
17-07-25 18:00,12.05,7.580268959
17-07-25 19:00,2.05,0
17-07-25 20:00,0.14,0
17-07-25 21:00,0,0
17-07-25 22:00,0,0
17-07-25 23:00,0,0
18-07-25 0:00,0,0
18-07-25 1:00,0,0
18-07-25 2:00,0,0
18-07-25 3:00,0,0
18-07-25 4:00,0,0
18-07-25 5:00,0,0
18-07-25 6:00,0.13,0
18-07-25 7:00,2.71,2.896307292
18-07-25 8:00,7.17,20.68371067
18-07-25 9:00,22.89,34.19398451
18-07-25 10:00,21.65,41.19575191
18-07-25 11:00,37.96,43.40649683
18-07-25 12:00,23.37,38.37908061
18-07-25 13:00,20.91,35.17334793
18-07-25 14:00,12.1,31.13124186
18-07-25 15:00,16.65,26.75487166
18-07-25 16:00,19.02,20.88952469
18-07-25 17:00,11.5,13.62556963
18-07-25 18:00,11.48,5.524775833
18-07-25 19:00,4.62,0
18-07-25 20:00,0.08,0
18-07-25 21:00,0,0
18-07-25 22:00,0,0
18-07-25 23:00,0,0
19-07-25 0:00,0,0
19-07-25 1:00,0,0
19-07-25 2:00,0,0
19-07-25 3:00,0,0
19-07-25 4:00,0,0
19-07-25 5:00,0,0
19-07-25 6:00,0.18,0
19-07-25 7:00,0.48,2.789553623
19-07-25 8:00,0,19.00911081
19-07-25 9:00,7.02,32.37737146
19-07-25 10:00,34.71,39.27770421
19-07-25 11:00,28.42,50.81464426
19-07-25 12:00,7.56,55.44136464
19-07-25 13:00,49.58,52.89459193
19-07-25 14:00,48.49,51.41374617
19-07-25 15:00,9.02,43.50095634
19-07-25 16:00,43.62,35.25070197
19-07-25 17:00,33.23,19.24873072
19-07-25 18:00,15.07,7.290991399
19-07-25 19:00,2.79,0
19-07-25 20:00,0.12,0
19-07-25 21:00,0,0
19-07-25 22:00,0,0
19-07-25 23:00,0,0
20-07-25 0:00,0,0
20-07-25 1:00,0,0
20-07-25 2:00,0,0
20-07-25 3:00,0,0
20-07-25 4:00,0,0
20-07-25 5:00,0,0
20-07-25 6:00,0.15,0
20-07-25 7:00,1.39,3.091677436
20-07-25 8:00,0,20.14925226
20-07-25 9:00,0,33.17290263
20-07-25 10:00,20.18,43.7020489
20-07-25 11:00,40.92,48.61424256
20-07-25 12:00,11.13,47.79779718
20-07-25 13:00,0,52.22821984
20-07-25 14:00,0,44.13170942
20-07-25 15:00,31.5,40.25665484
20-07-25 16:00,15.63,30.86047559
20-07-25 17:00,24.17,18.20820768
20-07-25 18:00,10.57,7.508859598
20-07-25 19:00,2.12,0
20-07-25 20:00,0.06,0
20-07-25 21:00,0,0
20-07-25 22:00,0,0
20-07-25 23:00,0,0
21-07-25 0:00,0,0
21-07-25 1:00,0,0
21-07-25 2:00,0,0
21-07-25 3:00,0,0
21-07-25 4:00,0,0
21-07-25 5:00,0,0
21-07-25 6:00,0.01,0
21-07-25 7:00,1.32,1.085344257
21-07-25 8:00,4.2,7.904889344
21-07-25 9:00,8.37,12.88421295
21-07-25 10:00,13.75,17.41617359
21-07-25 11:00,20.28,19.70546311
21-07-25 12:00,23.45,19.04406385
21-07-25 13:00,10.51,26.64820814
21-07-25 14:00,11.39,25.5370221
21-07-25 15:00,31,29.79194071
21-07-25 16:00,22.22,24.41194162
21-07-25 17:00,21.25,14.97843782
21-07-25 18:00,7.83,6.047064278
21-07-25 19:00,2.64,0
21-07-25 20:00,0.04,0
21-07-25 21:00,0,0
21-07-25 22:00,0,0
21-07-25 23:00,0,0
22-07-25 0:00,0,0
22-07-25 1:00,0,0
22-07-25 2:00,0,0
22-07-25 3:00,0,0
22-07-25 4:00,0,0
22-07-25 5:00,0,0
22-07-25 6:00,0.06,0
22-07-25 7:00,3.44,1.937261033
22-07-25 8:00,9.32,16.11652214
22-07-25 9:00,21.96,28.66696516
22-07-25 10:00,28.63,36.16733801
22-07-25 11:00,9.77,36.78033733
22-07-25 12:00,25.95,35.62477967
22-07-25 13:00,14.65,25.90741081
22-07-25 14:00,11.63,19.93937606
22-07-25 15:00,18.45,30.04720427
22-07-25 16:00,8.28,22.18059191
22-07-25 17:00,10.87,12.73791523
22-07-25 18:00,9.6,5.042240339
22-07-25 19:00,3.38,0
22-07-25 20:00,0.06,0
22-07-25 21:00,0,0
22-07-25 22:00,0,0
22-07-25 23:00,0,0
23-07-25 0:00,0,0
23-07-25 1:00,0,0
23-07-25 2:00,0,0
23-07-25 3:00,0,0
23-07-25 4:00,0,0
23-07-25 5:00,0,0
23-07-25 6:00,0.01,0
23-07-25 7:00,0.14,1.057694443
23-07-25 8:00,0.2,9.36258235
23-07-25 9:00,1.01,14.671803
23-07-25 10:00,1.01,7.326240322
23-07-25 11:00,2.6,6.254646073
23-07-25 12:00,2.74,10.20833998
23-07-25 13:00,9.8,18.07550602
23-07-25 14:00,15.27,14.16131059
23-07-25 15:00,26.45,23.39772996
23-07-25 16:00,26.15,21.8374955
23-07-25 17:00,12.86,13.02857947
23-07-25 18:00,10.69,4.946224848
23-07-25 19:00,0,0
23-07-25 20:00,0,0
24-07-25 6:00,0,0
24-07-25 7:00,1.2,1.978835862
24-07-25 8:00,9.15,17.3956855
24-07-25 9:00,18.88,28.41637237
24-07-25 10:00,21.54,38.62792384
24-07-25 11:00,10.73,48.29552273
24-07-25 12:00,10.85,59.12975572
24-07-25 13:00,33.15,52.76697979
24-07-25 14:00,4.17,50.68381526
24-07-25 15:00,6.1,41.93745173
24-07-25 16:00,13.58,31.4103105
24-07-25 17:00,25.44,20.17407908
24-07-25 18:00,6.15,7.62186292
24-07-25 19:00,3.75,0
24-07-25 20:00,0.1,0
24-07-25 21:00,0,0
24-07-25 22:00,0,0
24-07-25 23:00,0,0
25-07-25 0:00,0,0
25-07-25 1:00,0,0
25-07-25 2:00,0,0
25-07-25 3:00,0,0
25-07-25 4:00,0,0
25-07-25 5:00,0,0
25-07-25 6:00,0.25,0
25-07-25 7:00,3.91,2.149082861
25-07-25 8:00,9.14,18.76022404
25-07-25 9:00,19.38,29.89729337
25-07-25 10:00,13.53,41.23482109
25-07-25 11:00,27.69,49.6608289
25-07-25 12:00,31.18,56.60403127
25-07-25 13:00,45.54,55.3046714
25-07-25 14:00,11.44,51.429776
25-07-25 15:00,43.38,43.98811876
25-07-25 16:00,43.47,31.96466972
25-07-25 17:00,16.42,18.77705045
25-07-25 18:00,11.45,7.814954338
25-07-25 19:00,8.59,0
25-07-25 20:00,0.55,0
25-07-25 21:00,0,0
25-07-25 22:00,0,0
25-07-25 23:00,0,0
26-07-25 0:00,0,0
26-07-25 1:00,0,0
26-07-25 2:00,0,0
26-07-25 3:00,0,0
26-07-25 4:00,0,0
26-07-25 5:00,0,0
26-07-25 6:00,0.07,0
26-07-25 7:00,2.11,1.782565284
26-07-25 8:00,7.87,16.82036667
26-07-25 9:00,14.26,27.22887952
26-07-25 10:00,17.65,36.03481454
26-07-25 11:00,13.52,42.819273
26-07-25 12:00,34.29,54.41469734
26-07-25 13:00,43.46,57.24647817
26-07-25 14:00,58.72,54.38885168
26-07-25 15:00,55.06,45.2162422
26-07-25 16:00,36.27,34.56231766
26-07-25 17:00,8.2,20.58327962
26-07-25 18:00,6.53,8.22826759
26-07-25 19:00,3.63,0
26-07-25 20:00,0,0
26-07-25 21:00,0,0
26-07-25 22:00,0,0
26-07-25 23:00,0,0
27-07-25 0:00,0,0
27-07-25 1:00,0,0
27-07-25 2:00,0,0
27-07-25 3:00,0,0
27-07-25 4:00,0,0
27-07-25 5:00,0,0
27-07-25 6:00,0.05,0
27-07-25 7:00,2.88,1.600676826
27-07-25 8:00,8.98,14.90951652
27-07-25 9:00,13.07,22.62967922
27-07-25 10:00,10.02,35.00981313
27-07-25 11:00,0,43.13112817
27-07-25 12:00,0,45.10686847
27-07-25 13:00,0,50.38166999
27-07-25 14:00,0,47.98749162
27-07-25 15:00,0,41.30648024
27-07-25 16:00,0,28.93415615
27-07-25 17:00,0,18.71838895
27-07-25 18:00,2.39,7.231130754
27-07-25 19:00,4.06,0
27-07-25 20:00,0.09,0
27-07-25 21:00,0,0
27-07-25 22:00,0,0
27-07-25 23:00,0,0
28-07-25 0:00,0,0
28-07-25 1:00,0,0
28-07-25 2:00,0,0
28-07-25 3:00,0,0
28-07-25 4:00,0,0
28-07-25 5:00,0,0
28-07-25 6:00,0.18,0
28-07-25 7:00,2.91,1.349426888
28-07-25 8:00,7.25,13.18391971
28-07-25 9:00,15.53,23.86589372
28-07-25 10:00,35.22,32.70842495
28-07-25 11:00,36.78,41.01582915
28-07-25 12:00,8.4,47.52605327
28-07-25 13:00,10.68,43.39272096
28-07-25 14:00,26.89,37.93494202
28-07-25 15:00,34.75,28.59022776
28-07-25 16:00,6.23,20.92182306
28-07-25 17:00,6.25,13.03661448
28-07-25 18:00,7.23,4.971512473
28-07-25 19:00,0,0
28-07-25 20:00,0,0
28-07-25 21:00,0,0
28-07-25 22:00,0,0
28-07-25 23:00,0,0
29-07-25 0:00,0,0
29-07-25 1:00,0,0
29-07-25 2:00,0,0
29-07-25 3:00,0,0
29-07-25 4:00,0,0
29-07-25 5:00,0,0
29-07-25 6:00,0,0
29-07-25 7:00,2.83,0.91648516
29-07-25 8:00,2.38,7.58453572
29-07-25 9:00,4.12,9.322688318
29-07-25 10:00,3.16,13.39159465
29-07-25 11:00,6.66,10.99418516
29-07-25 12:00,3.54,13.463754
29-07-25 13:00,8.99,15.23981355
29-07-25 14:00,8.7,22.45687423
29-07-25 15:00,23.97,28.78126302
29-07-25 16:00,16.08,22.45009213
29-07-25 17:00,4.11,13.64791654
29-07-25 18:00,6.83,5.677335296
29-07-25 19:00,1.62,0
29-07-25 20:00,0,0
29-07-25 21:00,0,0
29-07-25 22:00,0,0
29-07-25 23:00,0,0
30-07-25 0:00,0,0
30-07-25 1:00,0,0
30-07-25 2:00,0,0
30-07-25 3:00,0,0
30-07-25 4:00,0,0
30-07-25 5:00,0,0
30-07-25 6:00,0.14,0
30-07-25 7:00,2.1,0.880804879
30-07-25 8:00,5.89,8.942193423
30-07-25 9:00,6.91,15.89320349
30-07-25 10:00,21.25,24.20988984
30-07-25 11:00,29.31,31.61830242
30-07-25 12:00,28.76,36.62363165
30-07-25 13:00,20.13,37.48516857
30-07-25 14:00,10.53,35.63788665
30-07-25 15:00,32.61,25.05150392
30-07-25 16:00,30.21,17.64985052
30-07-25 17:00,13.34,10.977052
30-07-25 18:00,2.16,4.660047115
30-07-25 19:00,0.08,0
30-07-25 20:00,0,0
30-07-25 21:00,0,0
30-07-25 22:00,0,0
30-07-25 23:00,0,0
31-07-25 0:00,0,0
31-07-25 1:00,0,0
31-07-25 2:00,0,0
31-07-25 3:00,0,0
31-07-25 4:00,0,0
31-07-25 5:00,0,0
31-07-25 6:00,0.04,0
31-07-25 7:00,1.79,0.762187423
31-07-25 8:00,6.53,8.113276497
31-07-25 9:00,9.13,14.12875048
31-07-25 10:00,15.73,20.8815334
31-07-25 11:00,21.67,27.2895847
31-07-25 12:00,36.56,28.00069673
31-07-25 13:00,14.14,22.33246957
31-07-25 14:00,2.13,15.29861616
31-07-25 15:00,2.99,18.43927715
31-07-25 16:00,1.86,9.085160236
31-07-25 17:00,0.85,6.702726705
31-07-25 18:00,1.31,3.589117275
31-07-25 19:00,0.16,0
31-07-25 20:00,0,0
31-07-25 21:00,0,0
31-07-25 22:00,0,0
31-07-25 23:00,0,0
01-08-25 0:00,0,0
01-08-25 1:00,0,0
01-08-25 2:00,0,0
01-08-25 3:00,0,0
01-08-25 4:00,0,0
01-08-25 5:00,0,0
,,
,,
,,
,,
,,
,,
,,
,,
,,
,,
,,
,,
,,
,,
,,
,,
,,
,,
,,
,,
,,
,,
,,
,,
,,
,,
,,
,,
,,
,,
,,
,,
,,
,,
,,
,,
,,
,,
,,
,,
,,
,,
,,
,,
,,
,,
,,
,,
,,
,,
,,
,,
,,
,,
,,
,,
,,
,,
,,
,,
,,
,,
,,
,,
,,
,,
,,
,,
,,
,,
,,
,,
,,
,,
,,
,,
,,
,,
,,
,,
,,
,,
,,
,,
,,
,,
,,
,,
,,
,,
,,
,,
,,
,,
,,
,,
,,
,,
,,
,,
,,
,,
,,
,,
,,
,,
,,
,,
,,
,,
,,
,,
,,
,,
,,
,,
,,
,,
,,
,,
,,
,,
,,
,,
,,
,,
,,
,,
,,
,,
,,
,,
,,
,,
,,
,,
,,
,,
,,
,,
,,
,,
,,
,,
,,
,,
,,
,,
,,
,,
,,
,,
,,
,,
,,
,,
,,
,,
,,
,,
,,
,,
,,
,,
,,
,,
,,
,,
,,
,,
,,
,,
,,
,,
,,
,,
,,
,,
,,
,,
,,
,,
,,
,,
,,
,,
,,
,,
,,
,,
,,
,,
,,
,,
,,
,,
,,
,,
,,
,,
,,
,,
,,
,,
,,
,,
,,
,,
,,
,,
,,
,,
,,
,,
,,
,,
,,
,,
,,
,,
,,
,,
,,
,,
,,
,,
,,
,,
,,
,,
,,
,,
,,
,,
,,
,,
,,
,,
,,
,,
,,
,,
,,
,,
,,
,,
,,
,,
,,
,,
,,
,,
,,
,,
,,
,,
,,
,,
,,
,,
,,
,,
,,
,,
,,
,,
,,
,,
,,
,,
,,
,,
,,
,,
,,
,,
,,
,,
,,
,,
,,
,,
,,
,,
,,
,,
,,
,,
,,
,,
,,
,,
,,
,,
,,
,,
,,
,,
,,
,,
,,
,,
,,
,,
,,
,,
,,
,,
,,
,,
,,
,,
,,
,,
,,
,,
,,
,,
,,
,,
,,
,,
,,
,,
,,
,,
,,
,,
,,
,,
,,
,,
,,
,,
,,
,,
,,
,,
,,
,,
,,
,,
,,
,,
,,
,,
,,
,,
,,
,,
,,
,,
,,
,,
,,
,,
,,
,,
,,
,,
,,
,,
,,
,,
,,
,,
,,
,,
,,
,,
,,
,,
,,
,,
,,
,,
,,
,,
,,
,,
,,
,,
,,
,,
,,
,,
,,
,,
,,
,,
,,
,,
,,
,,
,,
,,
,,
,,
,,
,,
,,
,,
,,
,,
,,
,,
,,
,,
,,
,,
,,
,,
,,
,,
,,
,,
,,
,,
,,
,,
,,
,,
,,
,,
,,
,,
,,
,,
,,
,,
,,
,,
,,
,,
,,
,,
,,
,,
,,
,,
,,
,,
,,
,,
,,
,,
,,
,,
,,
,,
,,
,,
,,
,,
,,
,,
,,
,,
,,
,,
,,
,,
,,
,,
,,
,,
,,
,,
,,
,,
,,
,,
,,
,,
,,
,,
,,
,,
,,
,,
,,
,,
,,
,,
,,
,,
,,
,,
,,
,,
,,
,,
,,
,,
,,
,,
,,
,,
,,
,,
,,
,,
,,
,,
,,
,,
,,
,,
,,
,,
,,
,,
,,
,,
,,
,,
,,
,,
,,
,,
,,
,,
,,
,,
,,
,,
,,
,,
,,
,,
,,
,,
,,
,,
,,
,,
,,
,,
,,
,,
,,
,,
,,
,,
,,
,,
,,
,,
,,
,,
,,
,,
,,
,,
,,
,,
,,
,,
,,
,,
,,
,,
,,
,,
,,
,,
,,
,,
,,
,,
,,
,,
,,
,,
,,
,,
,,
,,
,,
,,
,,
,,
,,
,,
,,
,,
,,
,,
,,
,,
,,
,,
,,
,,
,,
,,
,,
,,
,,
,,
,,
,,
,,
,,
,,
,,
,,
,,
,,
,,
,,
,,
,,
,,
,,
,,
,,
,,
,,
,,
,,
,,
,,
,,
,,
,,
,,
,,
,,
,,
,,
,,
,,
,,
,,
,,
,,
,,
,,
,,
,,
,,
,,
,,
,,
,,
,,
,,
,,
,,
,,
,,
,,
,,
,,
,,
,,
,,
,,
,,
,,
,,
,,
,,
,,
,,
,,
,,
,,
,,
,,
,,
,,
,,
,,
,,
,,
,,
,,
,,
,,
,,
,,
,,
,,
,,
,,
,,
,,
,,
,,
,,
,,
,,
,,
,,
,,
,,
,,
,,
,,
,,
,,
,,
,,
,,
,,
,,
,,
,,
,,
,,
,,
,,
,,
,,
,,
,,
,,
,,
,,
,,
,,
,,
,,
,,
,,
,,
,,
,,
,,
,,
,,
,,
,,
,,
,,
,,
,,
,,
,,
,,
,,
,,
,,
,,
,,
,,
,,
,,
,,
,,
,,
,,
,,
,,
,,
,,
,,
,,
,,
,,
,,
,,
,,
,,
,,
,,
,,
,,
,,
,,
,,
,,
,,
,,
,,
,,
,,
,,
,,
,,
,,
,,
,,
,,
,,
,,
,,
,,
,,
,,
,,
,,
,,
,,
,,
,,
,,
,,
,,
,,
,,
,,
,,
,,
,,
,,
,,
,,
,,
,,
,,
,,
,,
,,
,,
,,
,,
,,
,,
,,
,,
,,
,,
,,
,,
,,
,,
,,
,,
,,
,,
,,
,,
,,
,,
,,
,,
,,
,,
,,
,,
,,
,,
,,
,,
,,
,,
,,
,,
,,
,,
,,
,,
,,
,,
,,
,,
,,
,,
,,
,,
,,
,,
,,
,,
,,
,,
,,
,,
,,
,,
,,
,,
,,
,,
,,
,,
,,
,,
,,
,,
,,
,,
,,
,,
,,
,,
,,
,,
,,
,,
,,
,,
,,
,,
,,
,,
,,
,,
,,
,,
,,
,,
,,
,,
,,
,,
,,
,,
,,
,,
,,
,,
,,
,,
,,
,,
,,
,,
,,
,,
,,
,,
,,
,,
,,
,,
,,
,,
,,
,,
,,
,,
,,
,,
,,
,,
,,
,,
,,
,,
,,
,,
,,
,,
,,
,,
,,
,,
,,
,,
,,
,,
,,
,,
,,
,,
,,
,,
,,
,,
,,
,,
,,
,,
,,
,,
,,
,,
,,
,,
,,
,,
,,
,,
,,
,,
,,
,,
,,
,,
,,
,,
,,
,,
,,
,,
,,
,,
,,
,,
,,
,,
,,
,,
,,
,,
,,
,,
,,
,,
,,
,,
,,
,,
,,
,,
,,
,,
,,
,,
,,
,,
,,
,,
,,
,,
,,
,,
,,
,,
