DateTime,Wika Palwal - RCC-Inv 4 - Daily Energy (kWh),Hourly Generation
01-04-25 0:00,0,0
01-04-25 1:00,0,0
01-04-25 2:00,0,0
01-04-25 3:00,0,0
01-04-25 4:00,0,0
01-04-25 5:00,0,0
01-04-25 6:00,0,0
01-04-25 7:00,1.16,1.16
01-04-25 8:00,8.14,6.98
01-04-25 9:00,25.73,17.59
01-04-25 10:00,45.08,19.35
01-04-25 11:00,99.13,54.05
01-04-25 12:00,161.05,61.92
01-04-25 13:00,225.69,64.64
01-04-25 14:00,289.99,64.3
01-04-25 15:00,344.49,54.5
01-04-25 16:00,375.39,30.9
01-04-25 17:00,406.16,30.77
01-04-25 18:00,417.72,11.56
01-04-25 19:00,418.65,0.93
01-04-25 20:00,418.65,0
01-04-25 21:00,418.65,0
01-04-25 22:00,0,0
01-04-25 23:00,0,0
02-04-25 0:00,0,0
02-04-25 1:00,0,0
02-04-25 2:00,0,0
02-04-25 3:00,0,0
02-04-25 4:00,0,0
02-04-25 5:00,0,0
02-04-25 6:00,0,0
02-04-25 7:00,1.23,1.23
02-04-25 8:00,6.18,4.95
02-04-25 9:00,28.93,22.75
02-04-25 10:00,67.69,38.76
02-04-25 11:00,119.23,51.54
02-04-25 12:00,177.81,58.58
02-04-25 13:00,240.95,63.14
02-04-25 14:00,302.54,61.59
02-04-25 15:00,357.55,55.01
02-04-25 16:00,401.19,43.64
02-04-25 17:00,428.86,27.67
02-04-25 18:00,439.4,10.54
02-04-25 19:00,440.28,0.88
02-04-25 20:00,440.28,0
02-04-25 21:00,440.28,0
02-04-25 22:00,0,0
02-04-25 23:00,0,0
03-04-25 0:00,0,0
03-04-25 1:00,0,0
03-04-25 2:00,0,0
03-04-25 3:00,0,0
03-04-25 4:00,0,0
03-04-25 5:00,0,0
03-04-25 6:00,0,0
03-04-25 7:00,1.3,1.3
03-04-25 8:00,5.46,4.16
03-04-25 9:00,27.61,22.15
03-04-25 10:00,65.63,38.02
03-04-25 11:00,115.16,49.53
03-04-25 12:00,173.37,58.21
03-04-25 13:00,204.12,30.75
03-04-25 14:00,251.94,47.82
03-04-25 15:00,306.34,54.4
03-04-25 16:00,350.79,44.45
03-04-25 17:00,376.64,25.85
03-04-25 18:00,381.87,5.23
03-04-25 19:00,382.26,0.39
03-04-25 20:00,382.26,0
03-04-25 21:00,382.26,0
03-04-25 22:00,0,0
03-04-25 23:00,0,0
04-04-25 0:00,0,0
04-04-25 1:00,0,0
04-04-25 2:00,0,0
04-04-25 3:00,0,0
04-04-25 4:00,0,0
04-04-25 5:00,0,0
04-04-25 6:00,0,0
04-04-25 7:00,1.46,1.46
04-04-25 8:00,8.13,6.67
04-04-25 9:00,28.38,20.25
04-04-25 10:00,63.04,34.66
04-04-25 11:00,109.8,46.76
04-04-25 12:00,163.96,54.16
04-04-25 13:00,221.25,57.29
04-04-25 14:00,276.04,54.79
04-04-25 15:00,324.18,48.14
04-04-25 16:00,363.14,38.96
04-04-25 17:00,387.92,24.78
04-04-25 18:00,397.08,9.16
04-04-25 19:00,397.97,0.89
04-04-25 20:00,397.97,0
04-04-25 21:00,397.97,0
04-04-25 22:00,0,0
04-04-25 23:00,0,0
05-04-25 0:00,0,0
05-04-25 1:00,0,0
05-04-25 2:00,0,0
05-04-25 3:00,0,0
05-04-25 4:00,0,0
05-04-25 5:00,0,0
05-04-25 6:00,0,0
05-04-25 7:00,1.01,1.01
05-04-25 8:00,7.95,6.94
05-04-25 9:00,29.63,21.68
05-04-25 10:00,67.03,37.4
05-04-25 11:00,117.32,50.29
05-04-25 12:00,175.97,58.65
05-04-25 13:00,237.49,61.52
05-04-25 14:00,298.2,60.71
05-04-25 15:00,352.53,54.33
05-04-25 16:00,395.96,43.43
05-04-25 17:00,423.49,27.53
05-04-25 18:00,434.31,10.82
05-04-25 19:00,435.27,0.96
05-04-25 20:00,435.27,0
05-04-25 21:00,435.27,0
05-04-25 22:00,0,0
05-04-25 23:00,0,0
06-04-25 0:00,0,0
06-04-25 1:00,0,0
06-04-25 2:00,0,0
06-04-25 3:00,0,0
06-04-25 4:00,0,0
06-04-25 5:00,0,0
06-04-25 6:00,0,0
06-04-25 7:00,1.35,1.35
06-04-25 8:00,8,6.65
06-04-25 9:00,16.74,8.74
07-04-25 0:00,0,0
07-04-25 1:00,0,0
07-04-25 2:00,0,0
07-04-25 3:00,0,0
07-04-25 4:00,0,0
07-04-25 5:00,0,0
07-04-25 6:00,0,0
07-04-25 7:00,1.37,1.37
07-04-25 8:00,8.28,6.91
07-04-25 9:00,27.25,18.97
07-04-25 10:00,49.07,21.82
07-04-25 11:00,93.51,44.44
07-04-25 12:00,145.69,52.18
07-04-25 13:00,200.4,54.71
07-04-25 14:00,253.48,53.08
07-04-25 15:00,300.21,46.73
07-04-25 16:00,334.28,34.07
07-04-25 17:00,355.13,20.85
07-04-25 18:00,362.22,7.09
07-04-25 19:00,362.95,0.73
07-04-25 20:00,362.95,0
07-04-25 21:00,362.95,0
07-04-25 22:00,0,0
07-04-25 23:00,0,0
08-04-25 0:00,0,0
08-04-25 1:00,0,0
08-04-25 2:00,0,0
08-04-25 3:00,0,0
08-04-25 4:00,0,0
08-04-25 5:00,0,0
08-04-25 6:00,0,0
08-04-25 7:00,1.27,1.27
08-04-25 8:00,7.85,6.58
08-04-25 9:00,25.99,18.14
08-04-25 10:00,57.57,31.58
08-04-25 11:00,99.91,42.34
08-04-25 12:00,149.65,49.74
08-04-25 13:00,177.02,27.37
08-04-25 14:00,178.88,1.86
08-04-25 15:00,183.27,4.39
08-04-25 16:00,213.78,30.51
08-04-25 17:00,227.86,14.08
08-04-25 18:00,230.12,2.26
08-04-25 19:00,230.17,0.05
08-04-25 20:00,230.17,0
08-04-25 21:00,230.17,0
08-04-25 22:00,0,0
08-04-25 23:00,0,0
09-04-25 0:00,0,0
09-04-25 1:00,0,0
09-04-25 2:00,0,0
09-04-25 3:00,0,0
09-04-25 4:00,0,0
09-04-25 5:00,0,0
09-04-25 6:00,0,0
09-04-25 7:00,1.33,1.33
09-04-25 8:00,7.84,6.51
09-04-25 9:00,24.15,16.31
09-04-25 10:00,53.09,28.94
09-04-25 11:00,78.87,25.78
09-04-25 12:00,89.81,10.94
09-04-25 13:00,93.06,3.25
09-04-25 14:00,96.57,3.51
09-04-25 15:00,102.33,5.76
09-04-25 16:00,133.56,31.23
09-04-25 17:00,152.46,18.9
09-04-25 18:00,159.87,7.41
09-04-25 19:00,160.61,0.74
09-04-25 20:00,160.61,0
09-04-25 21:00,160.61,0
09-04-25 22:00,0,0
09-04-25 23:00,0,0
10-04-25 0:00,0,0
10-04-25 1:00,0,0
10-04-25 2:00,0,0
10-04-25 3:00,0,0
10-04-25 4:00,0,0
10-04-25 5:00,0,0
10-04-25 6:00,0,0
10-04-25 7:00,0.33,0.33
10-04-25 8:00,6.04,5.71
10-04-25 9:00,22.51,16.47
10-04-25 10:00,52.52,30.01
10-04-25 11:00,90.29,37.77
10-04-25 12:00,127.93,37.64
10-04-25 13:00,158.69,30.76
10-04-25 14:00,181.28,22.59
10-04-25 15:00,188.88,7.6
10-04-25 16:00,193.09,4.21
10-04-25 17:00,195.03,1.94
10-04-25 18:00,202.9,7.87
10-04-25 19:00,203.18,0.28
10-04-25 20:00,203.18,0
10-04-25 21:00,203.18,0
10-04-25 22:00,0,0
10-04-25 23:00,0,0
11-04-25 0:00,0,0
11-04-25 1:00,0,0
11-04-25 2:00,0,0
11-04-25 3:00,0,0
11-04-25 4:00,0,0
11-04-25 5:00,0,0
11-04-25 6:00,0,0
11-04-25 7:00,1.74,1.74
11-04-25 8:00,9.96,8.22
11-04-25 9:00,31.12,21.16
11-04-25 10:00,66.3,35.18
11-04-25 11:00,113.95,47.65
11-04-25 12:00,168.79,54.84
11-04-25 13:00,226.07,57.28
11-04-25 14:00,281.21,55.14
11-04-25 15:00,300.37,19.16
11-04-25 16:00,303.34,2.97
11-04-25 17:00,304.48,1.14
11-04-25 18:00,304.59,0.11
11-04-25 19:00,304.64,0.05
11-04-25 20:00,304.64,0
11-04-25 21:00,304.64,0
11-04-25 22:00,0,0
11-04-25 23:00,0,0
12-04-25 0:00,0,0
12-04-25 1:00,0,0
12-04-25 2:00,0,0
12-04-25 3:00,0,0
12-04-25 4:00,0,0
12-04-25 5:00,0,0
12-04-25 6:00,0,0
12-04-25 7:00,1.89,1.89
12-04-25 8:00,5.83,3.94
12-04-25 9:00,5.84,0.01
12-04-25 10:00,33.12,27.28
12-04-25 11:00,34.18,1.06
12-04-25 12:00,55.82,21.64
12-04-25 13:00,114.9,59.08
12-04-25 14:00,172.12,57.22
12-04-25 15:00,212.56,40.44
12-04-25 16:00,250.6,38.04
12-04-25 17:00,270.01,19.41
12-04-25 18:00,275.22,5.21
12-04-25 19:00,276.82,1.6
12-04-25 20:00,276.82,0
12-04-25 21:00,276.82,0
12-04-25 22:00,0,0
12-04-25 23:00,0,0
13-04-25 0:00,0,0
13-04-25 1:00,0,0
13-04-25 2:00,0,0
13-04-25 3:00,0,0
13-04-25 4:00,0,0
13-04-25 5:00,0,0
13-04-25 6:00,0,0
13-04-25 7:00,1.86,1.86
13-04-25 8:00,10.12,8.26
13-04-25 9:00,31.45,21.33
13-04-25 10:00,67.3,35.85
13-04-25 11:00,115.19,47.89
13-04-25 12:00,169.9,54.71
13-04-25 13:00,223.24,53.34
13-04-25 14:00,259.95,36.71
13-04-25 15:00,288.34,28.39
13-04-25 16:00,322.99,34.65
13-04-25 17:00,338.56,15.57
13-04-25 18:00,345.07,6.51
13-04-25 19:00,345.97,0.9
13-04-25 20:00,345.97,0
13-04-25 21:00,345.97,0
13-04-25 22:00,0,0
13-04-25 23:00,0,0
14-04-25 0:00,0,0
14-04-25 1:00,0,0
14-04-25 2:00,0,0
14-04-25 3:00,0,0
14-04-25 4:00,0,0
14-04-25 5:00,0,0
14-04-25 6:00,0.01,0.01
14-04-25 7:00,1.91,1.9
14-04-25 8:00,10.21,8.3
14-04-25 9:00,32.1,21.89
14-04-25 10:00,69.18,37.08
14-04-25 11:00,117.78,48.6
14-04-25 12:00,173.8,56.02
14-04-25 13:00,233.12,59.32
14-04-25 14:00,289.29,56.17
14-04-25 15:00,340.85,51.56
14-04-25 16:00,378.06,37.21
14-04-25 17:00,401.55,23.49
14-04-25 18:00,410.16,8.61
14-04-25 19:00,411.19,1.03
14-04-25 20:00,411.19,0
14-04-25 21:00,411.19,0
14-04-25 22:00,0,0
14-04-25 23:00,0,0
15-04-25 0:00,0,0
15-04-25 1:00,0,0
15-04-25 2:00,0,0
15-04-25 3:00,0,0
15-04-25 4:00,0,0
15-04-25 5:00,0,0
15-04-25 6:00,0,0
15-04-25 7:00,1.8,1.8
15-04-25 8:00,6.77,4.97
15-04-25 9:00,26.47,19.7
15-04-25 10:00,58.88,32.41
15-04-25 11:00,103.92,45.04
15-04-25 12:00,153.29,49.37
15-04-25 13:00,207.08,53.79
15-04-25 14:00,259.76,52.68
15-04-25 15:00,300.82,41.06
15-04-25 16:00,336.56,35.74
15-04-25 17:00,358.79,22.23
15-04-25 18:00,366.72,7.93
15-04-25 19:00,367.79,1.07
15-04-25 20:00,367.79,0
15-04-25 21:00,367.79,0
15-04-25 22:00,0,0
15-04-25 23:00,0,0
16-04-25 0:00,0,0
16-04-25 1:00,0,0
16-04-25 2:00,0,0
16-04-25 3:00,0,0
16-04-25 4:00,0,0
16-04-25 5:00,0,0
16-04-25 6:00,0,0
16-04-25 7:00,1.81,1.81
16-04-25 8:00,9.81,8
16-04-25 9:00,29.21,19.4
16-04-25 10:00,62.19,32.98
16-04-25 11:00,106.73,44.54
16-04-25 12:00,158,51.27
16-04-25 13:00,210.43,52.43
16-04-25 14:00,260.71,50.28
16-04-25 15:00,280.92,20.21
16-04-25 16:00,310.94,30.02
16-04-25 17:00,330.83,19.89
16-04-25 18:00,337.68,6.85
16-04-25 19:00,338.79,1.11
16-04-25 20:00,338.79,0
16-04-25 21:00,338.79,0
16-04-25 22:00,0,0
16-04-25 23:00,0,0
17-04-25 0:00,0,0
17-04-25 1:00,0,0
17-04-25 2:00,0,0
17-04-25 3:00,0,0
17-04-25 4:00,0,0
17-04-25 5:00,0,0
17-04-25 6:00,0,0
17-04-25 7:00,1.9,1.9
17-04-25 8:00,9.69,7.79
17-04-25 9:00,29.64,19.95
17-04-25 10:00,44.23,14.59
17-04-25 11:00,54.77,10.54
17-04-25 12:00,107.23,52.46
17-04-25 13:00,162.57,55.34
17-04-25 14:00,217.18,54.61
17-04-25 15:00,249.81,32.63
17-04-25 16:00,269.87,20.06
17-04-25 17:00,292.44,22.57
17-04-25 18:00,300.7,8.26
17-04-25 19:00,301.71,1.01
17-04-25 20:00,301.71,0
17-04-25 21:00,301.71,0
17-04-25 22:00,0,0
17-04-25 23:00,0,0
18-04-25 0:00,0,0
18-04-25 1:00,0,0
18-04-25 2:00,0,0
18-04-25 3:00,0,0
18-04-25 4:00,0,0
18-04-25 5:00,0,0
18-04-25 6:00,0,0
18-04-25 7:00,1.94,1.94
18-04-25 8:00,10.23,8.29
18-04-25 9:00,30.66,20.43
18-04-25 10:00,63.69,33.03
18-04-25 11:00,107.14,43.45
18-04-25 12:00,153.84,46.7
18-04-25 13:00,200.47,46.63
18-04-25 14:00,250.67,50.2
18-04-25 15:00,292.68,42.01
18-04-25 16:00,297.5,4.82
18-04-25 17:00,301.36,3.86
18-04-25 18:00,306.08,4.72
18-04-25 19:00,306.95,0.87
18-04-25 20:00,306.95,0
18-04-25 21:00,306.95,0
18-04-25 22:00,0,0
18-04-25 23:00,0,0
19-04-25 0:00,0,0
19-04-25 1:00,0,0
19-04-25 2:00,0,0
19-04-25 3:00,0,0
19-04-25 4:00,0,0
19-04-25 5:00,0,0
19-04-25 6:00,0,0
19-04-25 7:00,2,2
19-04-25 8:00,10.42,8.42
19-04-25 9:00,29.11,18.69
19-04-25 10:00,60.18,31.07
19-04-25 11:00,103.32,43.14
19-04-25 12:00,154.87,51.55
19-04-25 13:00,210.99,56.12
19-04-25 14:00,266.67,55.68
19-04-25 15:00,270.92,4.25
19-04-25 16:00,298.45,27.53
19-04-25 17:00,317.43,18.98
19-04-25 18:00,324.49,7.06
19-04-25 19:00,325.43,0.94
19-04-25 20:00,325.43,0
19-04-25 21:00,325.43,0
19-04-25 22:00,0,0
19-04-25 23:00,0,0
20-04-25 0:00,0,0
20-04-25 1:00,0,0
20-04-25 2:00,0,0
20-04-25 3:00,0,0
20-04-25 4:00,0,0
20-04-25 5:00,0,0
20-04-25 6:00,0.02,0.02
20-04-25 7:00,2.54,2.52
20-04-25 8:00,11.49,8.95
20-04-25 9:00,32.23,20.74
20-04-25 10:00,65.79,33.56
20-04-25 11:00,110.1,44.31
20-04-25 12:00,160.69,50.59
20-04-25 13:00,215.98,55.29
20-04-25 14:00,270.29,54.31
20-04-25 15:00,315.8,45.51
20-04-25 16:00,347.35,31.55
20-04-25 17:00,364.51,17.16
20-04-25 18:00,372,7.49
20-04-25 19:00,372.94,0.94
20-04-25 20:00,372.94,0
20-04-25 21:00,372.94,0
20-04-25 22:00,0,0
20-04-25 23:00,0,0
21-04-25 0:00,0,0
21-04-25 1:00,0,0
21-04-25 2:00,0,0
21-04-25 3:00,0,0
21-04-25 4:00,0,0
21-04-25 5:00,0,0
21-04-25 6:00,0.02,0.02
21-04-25 7:00,2.39,2.37
21-04-25 8:00,11.59,9.2
21-04-25 9:00,32.51,20.92
21-04-25 10:00,66.27,33.76
21-04-25 11:00,111.79,45.52
21-04-25 12:00,164.82,53.03
21-04-25 13:00,185.49,20.67
21-04-25 14:00,234.47,48.98
21-04-25 15:00,283.73,49.26
21-04-25 16:00,321.68,37.95
21-04-25 17:00,342.94,21.26
21-04-25 18:00,350.14,7.2
21-04-25 19:00,350.21,0.07
21-04-25 20:00,350.21,0
21-04-25 21:00,350.21,0
21-04-25 22:00,0,0
21-04-25 23:00,0,0
22-04-25 0:00,0,0
22-04-25 1:00,0,0
22-04-25 2:00,0,0
22-04-25 3:00,0,0
22-04-25 4:00,0,0
22-04-25 5:00,0,0
22-04-25 6:00,0.03,0.03
22-04-25 7:00,2.52,2.49
22-04-25 8:00,11.29,8.77
22-04-25 9:00,33.98,22.69
22-04-25 10:00,50.42,16.44
22-04-25 11:00,99.21,48.79
22-04-25 12:00,156.3,57.09
22-04-25 13:00,216.37,60.07
22-04-25 14:00,262.8,46.43
22-04-25 15:00,312.18,49.38
22-04-25 16:00,353.53,41.35
22-04-25 17:00,373.59,20.06
22-04-25 18:00,382.46,8.87
22-04-25 19:00,383.88,1.42
22-04-25 20:00,383.88,0
22-04-25 21:00,383.88,0
22-04-25 22:00,0,0
22-04-25 23:00,0,0
23-04-25 0:00,0,0
23-04-25 1:00,0,0
23-04-25 2:00,0,0
23-04-25 3:00,0,0
23-04-25 4:00,0,0
23-04-25 5:00,0,0
23-04-25 6:00,0.04,0.04
23-04-25 7:00,2.29,2.25
23-04-25 8:00,11.09,8.8
23-04-25 9:00,34.75,23.66
23-04-25 10:00,72.87,38.12
23-04-25 11:00,122.45,49.58
23-04-25 12:00,179.45,57
23-04-25 13:00,239.72,60.27
23-04-25 14:00,297.85,58.13
23-04-25 15:00,341.95,44.1
23-04-25 16:00,382.2,40.25
23-04-25 17:00,407.12,24.92
23-04-25 18:00,416.67,9.55
23-04-25 19:00,417.91,1.24
23-04-25 20:00,417.91,0
23-04-25 21:00,417.91,0
23-04-25 22:00,0,0
23-04-25 23:00,0,0
24-04-25 0:00,0,0
24-04-25 1:00,0,0
24-04-25 2:00,0,0
24-04-25 3:00,0,0
24-04-25 4:00,0,0
24-04-25 5:00,0,0
24-04-25 6:00,0.05,0.05
24-04-25 7:00,2.11,2.06
24-04-25 8:00,10.65,8.54
24-04-25 9:00,33.97,23.32
24-04-25 10:00,72.44,38.47
24-04-25 11:00,122.1,49.66
24-04-25 12:00,179.92,57.82
24-04-25 13:00,209.01,29.09
24-04-25 14:00,226.96,17.95
24-04-25 15:00,279.14,52.18
24-04-25 16:00,318.98,39.84
24-04-25 17:00,344.13,25.15
24-04-25 18:00,353.76,9.63
24-04-25 19:00,355.11,1.35
24-04-25 20:00,355.11,0
24-04-25 21:00,355.11,0
24-04-25 22:00,0,0
24-04-25 23:00,0,0
25-04-25 0:00,0,0
25-04-25 1:00,0,0
25-04-25 2:00,0,0
25-04-25 3:00,0,0
25-04-25 4:00,0,0
25-04-25 5:00,0,0
25-04-25 6:00,0.04,0.04
25-04-25 7:00,2.21,2.17
25-04-25 8:00,6.61,4.4
25-04-25 9:00,27.68,21.07
25-04-25 10:00,60.79,33.11
25-04-25 11:00,110.18,49.39
25-04-25 12:00,166,55.82
25-04-25 13:00,224.64,58.64
25-04-25 14:00,281.91,57.27
25-04-25 15:00,333.67,51.76
25-04-25 16:00,355.81,22.14
25-04-25 17:00,380.54,24.73
25-04-25 18:00,390.13,9.59
25-04-25 19:00,391.39,1.26
25-04-25 20:00,391.39,0
25-04-25 21:00,391.39,0
25-04-25 22:00,0,0
25-04-25 23:00,0,0
26-04-25 0:00,0,0
26-04-25 1:00,0,0
26-04-25 2:00,0,0
26-04-25 3:00,0,0
26-04-25 4:00,0,0
26-04-25 5:00,0,0
26-04-25 6:00,0.07,0.07
26-04-25 7:00,2.67,2.6
26-04-25 8:00,12.17,9.5
26-04-25 9:00,35.75,23.58
26-04-25 10:00,71.39,35.64
26-04-25 11:00,117.48,46.09
26-04-25 12:00,167.5,50.02
26-04-25 13:00,191.74,24.24
26-04-25 14:00,205.35,13.61
26-04-25 15:00,249.37,44.02
26-04-25 16:00,271.24,21.87
26-04-25 17:00,275.18,3.94
26-04-25 18:00,276.92,1.74
26-04-25 19:00,276.93,0.01
26-04-25 20:00,276.93,0
26-04-25 21:00,276.93,0
26-04-25 22:00,0,0
26-04-25 23:00,0,0
27-04-25 0:00,0,0
27-04-25 1:00,0,0
27-04-25 2:00,0,0
27-04-25 3:00,0,0
27-04-25 4:00,0,0
27-04-25 5:00,0,0
27-04-25 6:00,0,0
27-04-25 7:00,1.74,1.74
27-04-25 8:00,7.46,5.72
27-04-25 9:00,21.86,14.4
27-04-25 10:00,49.23,27.37
27-04-25 11:00,92.09,42.86
27-04-25 12:00,141.6,49.51
27-04-25 13:00,194.4,52.8
27-04-25 14:00,218.86,24.46
27-04-25 15:00,259.5,40.64
27-04-25 16:00,284.88,25.38
27-04-25 17:00,305.07,20.19
27-04-25 18:00,312.94,7.87
27-04-25 19:00,314.08,1.14
27-04-25 20:00,314.08,0
27-04-25 21:00,314.08,0
27-04-25 22:00,0,0
27-04-25 23:00,0,0
28-04-25 0:00,0,0
28-04-25 1:00,0,0
28-04-25 2:00,0,0
28-04-25 3:00,0,0
28-04-25 4:00,0,0
28-04-25 5:00,0,0
28-04-25 6:00,0.04,0.04
28-04-25 7:00,2.54,2.5
28-04-25 8:00,11.17,8.63
28-04-25 9:00,26.47,15.3
28-04-25 10:00,55.27,28.8
28-04-25 11:00,99.21,43.94
28-04-25 12:00,150.98,51.77
28-04-25 13:00,204.72,53.74
28-04-25 14:00,253.59,48.87
28-04-25 15:00,266.58,12.99
28-04-25 16:00,299.59,33.01
28-04-25 17:00,315.15,15.56
28-04-25 18:00,322.14,6.99
28-04-25 19:00,322.92,0.78
28-04-25 20:00,322.92,0
28-04-25 21:00,322.92,0
28-04-25 22:00,0,0
28-04-25 23:00,0,0
29-04-25 0:00,0,0
29-04-25 1:00,0,0
29-04-25 2:00,0,0
29-04-25 3:00,0,0
29-04-25 4:00,0,0
29-04-25 5:00,0,0
29-04-25 6:00,0.05,0.05
29-04-25 7:00,2.29,2.24
29-04-25 8:00,10.8,8.51
29-04-25 9:00,27.98,17.18
29-04-25 10:00,60.76,32.78
29-04-25 11:00,104.88,44.12
29-04-25 12:00,156.66,51.78
29-04-25 13:00,210.8,54.14
29-04-25 14:00,215.07,4.27
29-04-25 15:00,259.5,44.43
29-04-25 16:00,293.91,34.41
29-04-25 17:00,314.45,20.54
29-04-25 18:00,322.42,7.97
29-04-25 19:00,323.66,1.24
29-04-25 20:00,323.66,0
29-04-25 21:00,323.66,0
29-04-25 22:00,0,0
29-04-25 23:00,0,0
30-04-25 0:00,0,0
30-04-25 1:00,0,0
30-04-25 2:00,0,0
30-04-25 3:00,0,0
30-04-25 4:00,0,0
30-04-25 5:00,0,0
30-04-25 6:00,0.06,0.06
30-04-25 7:00,2.6,2.54
30-04-25 8:00,3.2,0.6
30-04-25 9:00,14.02,10.82
30-04-25 10:00,45.92,31.9
30-04-25 11:00,88.78,42.86
30-04-25 12:00,138.21,49.43
30-04-25 13:00,189.91,51.7
30-04-25 14:00,217.29,27.38
30-04-25 15:00,238.24,20.95
30-04-25 16:00,270.86,32.62
30-04-25 17:00,289.15,18.29
30-04-25 18:00,295.13,5.98
30-04-25 19:00,296.26,1.13
30-04-25 20:00,296.26,0
30-04-25 21:00,296.26,0
30-04-25 22:00,0,0
30-04-25 23:00,0,0
01-05-25 0:00,0,0
01-05-25 1:00,0,0
01-05-25 2:00,0,0
01-05-25 3:00,0,0
01-05-25 4:00,0,0
01-05-25 5:00,0,0
01-05-25 6:00,0.07,0.07
01-05-25 7:00,2.65,2.58
01-05-25 8:00,11.14,8.49
01-05-25 9:00,29.97,18.83
01-05-25 10:00,60.47,30.5
01-05-25 11:00,102.22,41.75
01-05-25 12:00,145.83,43.61
01-05-25 13:00,193.69,47.86
01-05-25 14:00,241.69,48
01-05-25 15:00,266.08,24.39
01-05-25 16:00,283.23,17.15
01-05-25 17:00,301.99,18.76
01-05-25 18:00,309.59,7.6
01-05-25 19:00,310.84,1.25
01-05-25 20:00,310.84,0
01-05-25 21:00,310.84,0
01-05-25 22:00,0,0
01-05-25 23:00,0,0
02-05-25 0:00,0,0
02-05-25 1:00,0,0
02-05-25 2:00,0,0
02-05-25 3:00,0,0
02-05-25 4:00,0,0
02-05-25 5:00,0,0
02-05-25 6:00,0,0
02-05-25 8:00,0,0
02-05-25 9:00,0.33,0.33
02-05-25 10:00,1.59,1.26
02-05-25 11:00,1.91,0.32
02-05-25 12:00,7.88,5.97
02-05-25 13:00,25.2,17.32
02-05-25 14:00,77.4,52.2
02-05-25 15:00,90.08,12.68
02-05-25 16:00,107.74,17.66
02-05-25 17:00,128.9,21.16
02-05-25 18:00,136.52,7.62
02-05-25 19:00,138.43,1.91
02-05-25 20:00,138.43,0
02-05-25 21:00,138.43,0
02-05-25 22:00,0,0
02-05-25 23:00,0,0
03-05-25 0:00,0,0
03-05-25 1:00,0,0
03-05-25 2:00,0,0
03-05-25 3:00,0,0
03-05-25 4:00,0,0
03-05-25 5:00,0,0
03-05-25 6:00,0.66,0.66
03-05-25 7:00,5.55,4.89
03-05-25 8:00,5.66,0.11
03-05-25 9:00,8.24,2.58
03-05-25 10:00,18.49,10.25
03-05-25 11:00,39.12,20.63
03-05-25 12:00,88.18,49.06
03-05-25 13:00,145.68,57.5
03-05-25 14:00,201.09,55.41
03-05-25 15:00,248.25,47.16
03-05-25 16:00,268.52,20.27
03-05-25 17:00,287.28,18.76
03-05-25 18:00,290.04,2.76
03-05-25 19:00,290.72,0.68
03-05-25 20:00,290.72,0
03-05-25 21:00,290.72,0
03-05-25 22:00,0,0
03-05-25 23:00,0,0
04-05-25 0:00,0,0
04-05-25 1:00,0,0
04-05-25 2:00,0,0
04-05-25 3:00,0,0
04-05-25 4:00,0,0
04-05-25 5:00,0,0
04-05-25 6:00,0.15,0.15
04-05-25 7:00,3.46,3.31
04-05-25 8:00,12.13,8.67
04-05-25 9:00,28.4,16.27
04-05-25 10:00,56.41,28.01
04-05-25 11:00,87.16,30.75
04-05-25 12:00,127.58,40.42
04-05-25 13:00,155.08,27.5
04-05-25 14:00,155.08,0
04-05-25 15:00,178.18,23.1
04-05-25 16:00,178.18,0
04-05-25 17:00,178.18,0
04-05-25 18:00,184.61,6.43
04-05-25 19:00,186.56,1.95
04-05-25 20:00,186.56,0
04-05-25 21:00,186.56,0
04-05-25 22:00,186.56,0
05-05-25 0:00,0,0
05-05-25 1:00,0,0
05-05-25 2:00,0,0
05-05-25 3:00,0,0
05-05-25 4:00,0,0
05-05-25 5:00,0,0
05-05-25 6:00,0.15,0.15
05-05-25 7:00,4.35,4.2
05-05-25 8:00,15.95,11.6
05-05-25 9:00,39.37,23.42
05-05-25 10:00,71.93,32.56
05-05-25 11:00,115.69,43.76
05-05-25 12:00,163.33,47.64
05-05-25 13:00,202.47,39.14
05-05-25 14:00,225.03,22.56
05-05-25 15:00,240.01,14.98
05-05-25 16:00,240.01,0
05-05-25 17:00,242.37,2.36
05-05-25 18:00,252.95,10.58
05-05-25 19:00,255.11,2.16
05-05-25 20:00,255.11,0
05-05-25 21:00,255.11,0
05-05-25 22:00,0,0
05-05-25 23:00,0,0
06-05-25 0:00,0,0
06-05-25 0:00,0,0
06-05-25 1:00,0,0
06-05-25 2:00,0,0
06-05-25 3:00,0,0
06-05-25 4:00,0,0
06-05-25 5:00,0,0
06-05-25 6:00,0.13,0.13
06-05-25 7:00,3.58,3.45
06-05-25 8:00,14.99,11.41
06-05-25 9:00,39.33,24.34
06-05-25 10:00,76.46,37.13
06-05-25 11:00,113.24,36.78
06-05-25 12:00,168.85,55.61
06-05-25 13:00,220.64,51.79
06-05-25 14:00,259.62,38.98
06-05-25 15:00,294.37,34.75
06-05-25 16:00,313.17,18.8
06-05-25 17:00,334.35,21.18
06-05-25 18:00,339.15,4.8
06-05-25 19:00,341.95,2.8
06-05-25 20:00,341.95,0
06-05-25 21:00,341.95,0
06-05-25 22:00,0,0
06-05-25 23:00,0,0
07-05-25 0:00,0,0
07-05-25 1:00,0,0
07-05-25 2:00,0,0
07-05-25 3:00,0,0
07-05-25 4:00,0,0
07-05-25 5:00,0,0
07-05-25 6:00,0.23,0.23
07-05-25 7:00,3.46,3.23
07-05-25 8:00,14.86,11.4
07-05-25 9:00,36.99,22.13
07-05-25 10:00,72.4,35.41
07-05-25 11:00,119.06,46.66
07-05-25 12:00,160.07,41.01
07-05-25 13:00,186.06,25.99
07-05-25 14:00,191.64,5.58
07-05-25 15:00,194.1,2.46
07-05-25 16:00,214.98,20.88
07-05-25 17:00,218.95,3.97
07-05-25 18:00,219.98,1.03
07-05-25 19:00,220.39,0.41
07-05-25 20:00,220.39,0
07-05-25 21:00,220.39,0
07-05-25 22:00,0,0
07-05-25 23:00,0,0
08-05-25 0:00,0,0
08-05-25 1:00,0,0
08-05-25 2:00,0,0
08-05-25 3:00,0,0
08-05-25 4:00,0,0
08-05-25 5:00,0,0
08-05-25 6:00,0.12,0.12
08-05-25 7:00,3.08,2.96
08-05-25 8:00,16.52,13.44
08-05-25 9:00,39.93,23.41
08-05-25 10:00,76.54,36.61
08-05-25 11:00,110.4,33.86
08-05-25 12:00,113.55,3.15
08-05-25 13:00,114.84,1.29
08-05-25 14:00,115.26,0.42
08-05-25 15:00,118.76,3.5
08-05-25 16:00,120.53,1.77
08-05-25 17:00,122.61,2.08
08-05-25 18:00,127.37,4.76
08-05-25 19:00,129.32,1.95
08-05-25 20:00,129.32,0
08-05-25 21:00,129.32,0
08-05-25 22:00,0,0
08-05-25 23:00,0,0
09-05-25 0:00,0,0
09-05-25 1:00,0,0
09-05-25 2:00,0,0
09-05-25 3:00,0,0
09-05-25 4:00,0,0
09-05-25 5:00,0,0
09-05-25 6:00,0.15,0.15
09-05-25 7:00,2.89,2.74
09-05-25 8:00,10.61,7.72
09-05-25 9:00,34.09,23.48
09-05-25 10:00,68.82,34.73
09-05-25 11:00,107,38.18
09-05-25 12:00,133.7,26.7
09-05-25 13:00,171.09,37.39
09-05-25 14:00,228.43,57.34
09-05-25 15:00,249.77,21.34
09-05-25 16:00,249.77,0
09-05-25 17:00,249.77,0
09-05-25 18:00,249.77,0
09-05-25 19:00,250.27,0.5
09-05-25 20:00,250.27,0
09-05-25 21:00,250.27,0
09-05-25 22:00,0,0
09-05-25 23:00,0,0
10-05-25 0:00,0,0
10-05-25 1:00,0,0
10-05-25 2:00,0,0
10-05-25 3:00,0,0
10-05-25 4:00,0,0
10-05-25 5:00,0,0
10-05-25 6:00,0.27,0.27
10-05-25 7:00,3.85,3.58
10-05-25 8:00,15.26,11.41
10-05-25 9:00,35.25,19.99
10-05-25 10:00,68.69,33.44
10-05-25 11:00,114.74,46.05
10-05-25 12:00,164.35,49.61
10-05-25 13:00,171.34,6.99
10-05-25 14:00,194.7,23.36
10-05-25 15:00,234.48,39.78
10-05-25 16:00,253.49,19.01
10-05-25 17:00,256.21,2.72
10-05-25 18:00,267.15,10.94
10-05-25 19:00,270.33,3.18
10-05-25 20:00,270.33,0
10-05-25 21:00,270.33,0
10-05-25 22:00,0,0
10-05-25 23:00,0,0
11-05-25 0:00,0,0
11-05-25 1:00,0,0
11-05-25 2:00,0,0
11-05-25 3:00,0,0
11-05-25 4:00,0,0
11-05-25 5:00,0,0
11-05-25 6:00,0.2,0.2
11-05-25 7:00,3.59,3.39
11-05-25 8:00,13.57,9.98
11-05-25 9:00,36.08,22.51
11-05-25 10:00,72.06,35.98
11-05-25 11:00,119.16,47.1
11-05-25 12:00,173.55,54.39
11-05-25 13:00,231.82,58.27
11-05-25 14:00,289.64,57.82
11-05-25 15:00,341.53,51.89
11-05-25 16:00,383.47,41.94
11-05-25 17:00,410.95,27.48
11-05-25 18:00,422.45,11.5
11-05-25 19:00,424.36,1.91
11-05-25 20:00,424.36,0
11-05-25 21:00,424.36,0
11-05-25 22:00,0,0
11-05-25 23:00,0,0
12-05-25 0:00,0,0
12-05-25 1:00,0,0
12-05-25 2:00,0,0
12-05-25 3:00,0,0
12-05-25 4:00,0,0
12-05-25 5:00,0,0
12-05-25 6:00,0.31,0.31
12-05-25 7:00,4.78,4.47
12-05-25 8:00,17.93,13.15
12-05-25 9:00,41.22,23.29
12-05-25 10:00,77.9,36.68
12-05-25 11:00,115.99,38.09
12-05-25 12:00,165.93,49.94
12-05-25 13:00,222.56,56.63
12-05-25 14:00,277.37,54.81
12-05-25 15:00,303.17,25.8
12-05-25 16:00,331.82,28.65
12-05-25 17:00,356.7,24.88
12-05-25 18:00,367.05,10.35
12-05-25 19:00,368.82,1.77
12-05-25 20:00,368.82,0
12-05-25 21:00,368.82,0
12-05-25 22:00,0,0
12-05-25 23:00,0,0
13-05-25 0:00,0,0
13-05-25 1:00,0,0
13-05-25 2:00,0,0
13-05-25 3:00,0,0
13-05-25 4:00,0,0
13-05-25 5:00,0,0
13-05-25 6:00,0.26,0.26
13-05-25 7:00,4.01,3.75
13-05-25 8:00,15.31,11.3
13-05-25 9:00,34.9,19.59
13-05-25 10:00,68.19,33.29
13-05-25 11:00,116.66,48.47
13-05-25 12:00,171.93,55.27
13-05-25 13:00,228.78,56.85
13-05-25 14:00,283.82,55.04
13-05-25 15:00,305.12,21.3
13-05-25 16:00,321.11,15.99
13-05-25 17:00,322.49,1.38
13-05-25 18:00,322.78,0.29
13-05-25 19:00,323.13,0.35
13-05-25 20:00,323.13,0
13-05-25 21:00,323.13,0
13-05-25 22:00,0,0
13-05-25 23:00,0,0
14-05-25 0:00,0,0
14-05-25 1:00,0,0
14-05-25 2:00,0,0
14-05-25 3:00,0,0
14-05-25 4:00,0,0
14-05-25 5:00,0,0
14-05-25 6:00,0.23,0.23
14-05-25 7:00,3.5,3.27
14-05-25 8:00,13.67,10.17
14-05-25 9:00,35.89,22.22
14-05-25 10:00,71.64,35.75
14-05-25 11:00,115.16,43.52
14-05-25 12:00,149.95,34.79
14-05-25 13:00,207.19,57.24
14-05-25 14:00,240.46,33.27
14-05-25 15:00,250.18,9.72
14-05-25 16:00,255.22,5.04
14-05-25 17:00,259.43,4.21
14-05-25 18:00,262.1,2.67
14-05-25 19:00,264.04,1.94
14-05-25 20:00,264.04,0
14-05-25 21:00,264.04,0
14-05-25 22:00,0,0
14-05-25 23:00,0,0
15-05-25 0:00,0,0
15-05-25 1:00,0,0
15-05-25 2:00,0,0
15-05-25 3:00,0,0
15-05-25 4:00,0,0
15-05-25 5:00,0,0
15-05-25 6:00,0.21,0.21
15-05-25 7:00,3.6,3.39
15-05-25 8:00,13.51,9.91
15-05-25 9:00,33.73,20.22
15-05-25 10:00,50.87,17.14
15-05-25 11:00,52.46,1.59
15-05-25 12:00,100.5,48.04
15-05-25 13:00,152.3,51.8
15-05-25 14:00,186.58,34.28
15-05-25 15:00,209.54,22.96
15-05-25 16:00,245.23,35.69
15-05-25 17:00,269.01,23.78
15-05-25 18:00,279.88,10.87
15-05-25 19:00,281.98,2.1
15-05-25 20:00,281.98,0
15-05-25 21:00,281.98,0
15-05-25 22:00,0,0
15-05-25 23:00,0,0
16-05-25 0:00,0,0
16-05-25 1:00,0,0
16-05-25 2:00,0,0
16-05-25 3:00,0,0
16-05-25 4:00,0,0
16-05-25 5:00,0,0
16-05-25 6:00,0.2,0.2
16-05-25 7:00,3.31,3.11
16-05-25 8:00,12.72,9.41
16-05-25 9:00,34.44,21.72
16-05-25 10:00,69.92,35.48
16-05-25 11:00,115.57,45.65
16-05-25 12:00,147.93,32.36
16-05-25 13:00,185.92,37.99
16-05-25 14:00,239.44,53.52
16-05-25 15:00,267.71,28.27
16-05-25 16:00,276.19,8.48
16-05-25 17:00,281.25,5.06
16-05-25 18:00,286.49,5.24
16-05-25 19:00,287.07,0.58
16-05-25 20:00,287.07,0
16-05-25 21:00,287.07,0
16-05-25 22:00,0,0
16-05-25 23:00,0,0
17-05-25 0:00,0,0
17-05-25 1:00,0,0
17-05-25 2:00,0,0
17-05-25 3:00,0,0
17-05-25 4:00,0,0
17-05-25 5:00,0,0
17-05-25 6:00,0.19,0.19
17-05-25 7:00,3.48,3.29
17-05-25 8:00,13.38,9.9
17-05-25 9:00,29.26,15.88
17-05-25 10:00,60.85,31.59
17-05-25 11:00,104.34,43.49
17-05-25 12:00,154.52,50.18
17-05-25 13:00,207.15,52.63
17-05-25 14:00,244.68,37.53
17-05-25 15:00,248.83,4.15
17-05-25 16:00,254.1,5.27
17-05-25 17:00,258.28,4.18
17-05-25 18:00,259.92,1.64
17-05-25 19:00,261.32,1.4
17-05-25 20:00,261.32,0
17-05-25 21:00,261.32,0
17-05-25 22:00,0,0
17-05-25 23:00,0,0
18-05-25 0:00,0,0
18-05-25 1:00,0,0
18-05-25 2:00,0,0
18-05-25 3:00,0,0
18-05-25 4:00,0,0
18-05-25 5:00,0,0
18-05-25 6:00,0.3,0.3
18-05-25 7:00,0.57,0.27
18-05-25 8:00,0.57,0
18-05-25 9:00,0.57,0
18-05-25 10:00,0.57,0
18-05-25 11:00,0.57,0
18-05-25 12:00,0.57,0
18-05-25 13:00,22.34,21.77
18-05-25 14:00,45.03,22.69
18-05-25 15:00,77.49,32.46
18-05-25 16:00,89.84,12.35
18-05-25 17:00,104.84,15
18-05-25 18:00,112.34,7.5
18-05-25 19:00,112.34,0
18-05-25 20:00,112.34,0
19-05-25 6:00,0,0
19-05-25 7:00,1.03,1.03
19-05-25 8:00,11.31,10.28
19-05-25 9:00,30.49,19.18
19-05-25 10:00,60.76,30.27
19-05-25 11:00,100.72,39.96
19-05-25 12:00,147.7,46.98
19-05-25 13:00,197,49.3
19-05-25 14:00,235.23,38.23
19-05-25 15:00,278.91,43.68
19-05-25 16:00,294.48,15.57
19-05-25 17:00,312.67,18.19
19-05-25 18:00,315.97,3.3
19-05-25 19:00,318,2.03
19-05-25 20:00,318.01,0.01
19-05-25 21:00,318.01,0
19-05-25 22:00,0,0
19-05-25 23:00,0,0
20-05-25 0:00,0,0
20-05-25 1:00,0,0
20-05-25 2:00,0,0
20-05-25 3:00,0,0
20-05-25 4:00,0,0
20-05-25 5:00,0,0
20-05-25 6:00,0.26,0.26
20-05-25 7:00,3.9,3.64
20-05-25 8:00,7.87,3.97
20-05-25 9:00,23.46,15.59
20-05-25 10:00,56.11,32.65
20-05-25 11:00,99.57,43.46
20-05-25 12:00,129.47,29.9
20-05-25 13:00,144.57,15.1
20-05-25 14:00,194.55,49.98
20-05-25 15:00,236.91,42.36
20-05-25 16:00,260.02,23.11
20-05-25 17:00,264.87,4.85
20-05-25 18:00,273.8,8.93
20-05-25 19:00,275,1.2
20-05-25 20:00,275,0
20-05-25 21:00,275,0
20-05-25 22:00,0,0
20-05-25 23:00,0,0
21-05-25 0:00,0,0
21-05-25 1:00,0,0
21-05-25 2:00,0,0
21-05-25 3:00,0,0
21-05-25 4:00,0,0
21-05-25 5:00,0,0
21-05-25 6:00,0.3,0.3
21-05-25 7:00,3.64,3.34
21-05-25 8:00,8.48,4.84
21-05-25 9:00,22.34,13.86
21-05-25 10:00,54.96,32.62
21-05-25 11:00,97.29,42.33
21-05-25 12:00,145.63,48.34
21-05-25 13:00,197.09,51.46
21-05-25 14:00,236.71,39.62
21-05-25 15:00,243.1,6.39
21-05-25 16:00,249.4,6.3
21-05-25 17:00,260.84,11.44
21-05-25 18:00,269.24,8.4
21-05-25 19:00,270.11,0.87
21-05-25 20:00,270.11,0
21-05-25 21:00,270.11,0
21-05-25 22:00,0,0
21-05-25 23:00,0,0
22-05-25 0:00,0,0
22-05-25 1:00,0,0
22-05-25 2:00,0,0
22-05-25 3:00,0,0
22-05-25 4:00,0,0
22-05-25 5:00,0,0
22-05-25 6:00,0.27,0.27
22-05-25 7:00,4.28,4.01
22-05-25 8:00,15.5,11.22
22-05-25 9:00,33.17,17.67
22-05-25 10:00,69.06,35.89
22-05-25 11:00,114.44,45.38
22-05-25 12:00,156.56,42.12
22-05-25 13:00,210.97,54.41
22-05-25 14:00,263.7,52.73
22-05-25 15:00,309.35,45.65
22-05-25 16:00,345.45,36.1
22-05-25 17:00,368.79,23.34
22-05-25 18:00,378.96,10.17
22-05-25 19:00,380.98,2.02
22-05-25 20:00,380.99,0.01
22-05-25 21:00,380.99,0
22-05-25 22:00,0,0
22-05-25 23:00,0,0
23-05-25 0:00,0,0
23-05-25 1:00,0,0
23-05-25 2:00,0,0
23-05-25 3:00,0,0
23-05-25 4:00,0,0
23-05-25 5:00,0,0
23-05-25 6:00,0.31,0.31
23-05-25 7:00,0.98,0.67
23-05-25 8:00,0.98,0
23-05-25 9:00,2.34,1.36
23-05-25 10:00,4.78,2.44
23-05-25 11:00,6.53,1.75
23-05-25 12:00,11.71,5.18
23-05-25 13:00,40.69,28.98
23-05-25 14:00,94.07,53.38
23-05-25 15:00,142.72,48.65
23-05-25 16:00,180.93,38.21
23-05-25 17:00,205.67,24.74
23-05-25 18:00,213.38,7.71
23-05-25 19:00,213.44,0.06
23-05-25 20:00,213.44,0
23-05-25 21:00,213.44,0
23-05-25 22:00,0,0
23-05-25 23:00,0,0
24-05-25 0:00,0,0
24-05-25 1:00,0,0
24-05-25 2:00,0,0
24-05-25 3:00,0,0
24-05-25 4:00,0,0
24-05-25 5:00,0,0
24-05-25 6:00,0.24,0.24
24-05-25 7:00,3.78,3.54
24-05-25 8:00,15.54,11.76
24-05-25 9:00,37.39,21.85
24-05-25 10:00,67.46,30.07
24-05-25 11:00,94.77,27.31
24-05-25 12:00,118.89,24.12
24-05-25 13:00,160.89,42
24-05-25 14:00,214.17,53.28
24-05-25 15:00,261.82,47.65
24-05-25 16:00,272.2,10.38
24-05-25 17:00,273.98,1.78
24-05-25 18:00,274.81,0.83
24-05-25 19:00,275.49,0.68
24-05-25 20:00,275.5,0.01
24-05-25 21:00,275.5,0
24-05-25 22:00,0,0
24-05-25 23:00,0,0
25-05-25 0:00,0,0
25-05-25 1:00,0,0
25-05-25 2:00,0,0
25-05-25 3:00,0,0
25-05-25 4:00,0,0
25-05-25 6:00,0,0
25-05-25 7:00,0,0
25-05-25 8:00,0,0
25-05-25 9:00,0,0
25-05-25 10:00,0,0
25-05-25 11:00,0,0
25-05-25 12:00,0,0
25-05-25 13:00,0,0
25-05-25 14:00,0,0
25-05-25 15:00,9.02,9.02
25-05-25 16:00,20.23,11.21
25-05-25 17:00,20.23,0
25-05-25 18:00,20.23,0
25-05-25 19:00,20.23,0
25-05-25 20:00,20.23,0
25-05-25 21:00,20.23,0
25-05-25 22:00,0,0
26-05-25 8:00,0,0
26-05-25 9:00,1.04,1.04
26-05-25 10:00,9.15,8.11
26-05-25 11:00,12.99,3.84
26-05-25 12:00,18.2,5.21
26-05-25 13:00,25.01,6.81
26-05-25 14:00,28.25,3.24
26-05-25 15:00,32.91,4.66
26-05-25 16:00,38.66,5.75
26-05-25 17:00,42.2,3.54
26-05-25 18:00,45.4,3.2
26-05-25 19:00,45.41,0.01
26-05-25 20:00,45.41,0
26-05-25 21:00,45.41,0
26-05-25 22:00,0,0
26-05-25 23:00,0,0
27-05-25 0:00,0,0
27-05-25 1:00,0,0
27-05-25 2:00,0,0
27-05-25 3:00,0,0
27-05-25 4:00,0,0
27-05-25 5:00,0,0
27-05-25 6:00,0.4,0.4
27-05-25 7:00,4.21,3.81
27-05-25 8:00,15.07,10.86
27-05-25 9:00,39.31,24.24
27-05-25 10:00,68.35,29.04
27-05-25 11:00,92.62,24.27
27-05-25 12:00,102.25,9.63
27-05-25 13:00,129.86,27.61
27-05-25 14:00,176.6,46.74
27-05-25 15:00,223.67,47.07
27-05-25 16:00,251.27,27.6
27-05-25 17:00,267.62,16.35
27-05-25 18:00,279.67,12.05
27-05-25 19:00,282.14,2.47
27-05-25 20:00,282.16,0.02
27-05-25 21:00,282.16,0
27-05-25 22:00,0,0
27-05-25 23:00,0,0
28-05-25 0:00,0,0
28-05-25 1:00,0,0
28-05-25 2:00,0,0
28-05-25 3:00,0,0
28-05-25 4:00,0,0
28-05-25 5:00,0,0
28-05-25 6:00,0.47,0.47
28-05-25 7:00,4.19,3.72
28-05-25 8:00,14.95,10.76
28-05-25 9:00,37.44,22.49
28-05-25 10:00,71.25,33.81
28-05-25 11:00,114.52,43.27
28-05-25 12:00,164.34,49.82
28-05-25 13:00,218.02,53.68
28-05-25 14:00,257.07,39.05
28-05-25 15:00,262.22,5.15
28-05-25 16:00,289.87,27.65
28-05-25 17:00,309.97,20.1
28-05-25 18:00,313.17,3.2
28-05-25 19:00,313.6,0.43
28-05-25 20:00,313.61,0.01
28-05-25 21:00,313.61,0
28-05-25 22:00,0,0
28-05-25 23:00,0,0
29-05-25 0:00,0,0
29-05-25 1:00,0,0
29-05-25 2:00,0,0
29-05-25 3:00,0,0
29-05-25 4:00,0,0
29-05-25 5:00,0,0
29-05-25 6:00,0.33,0.33
29-05-25 7:00,5.38,5.05
29-05-25 8:00,17.09,11.71
29-05-25 9:00,39.6,22.51
29-05-25 10:00,57.55,17.95
29-05-25 11:00,72.88,15.33
29-05-25 12:00,78.24,5.36
29-05-25 13:00,97.63,19.39
29-05-25 14:00,145.79,48.16
29-05-25 15:00,189.76,43.97
29-05-25 16:00,219.43,29.67
29-05-25 17:00,227.16,7.73
29-05-25 18:00,227.63,0.47
29-05-25 19:00,227.63,0
29-05-25 20:00,227.63,0
30-05-25 6:00,0,0
30-05-25 7:00,0.41,0.41
30-05-25 8:00,0.41,0
30-05-25 9:00,15.5,15.09
30-05-25 10:00,45.29,29.79
30-05-25 11:00,75.12,29.83
30-05-25 12:00,90.76,15.64
30-05-25 13:00,111.62,20.86
30-05-25 14:00,121.13,9.51
30-05-25 15:00,140.38,19.25
30-05-25 16:00,150,9.62
30-05-25 17:00,153.45,3.45
30-05-25 18:00,157.6,4.15
30-05-25 19:00,161.22,3.62
30-05-25 20:00,161.25,0.03
30-05-25 21:00,161.25,0
30-05-25 22:00,0,0
30-05-25 23:00,0,0
31-05-25 0:00,0,0
31-05-25 1:00,0,0
31-05-25 2:00,0,0
31-05-25 3:00,0,0
31-05-25 4:00,0,0
31-05-25 5:00,0,0
31-05-25 6:00,0.24,0.24
31-05-25 7:00,4.07,3.83
31-05-25 8:00,14.62,10.55
31-05-25 9:00,36.58,21.96
31-05-25 10:00,70.03,33.45
31-05-25 11:00,111.27,41.24
31-05-25 12:00,158.72,47.45
31-05-25 13:00,168.18,9.46
31-05-25 14:00,190.11,21.93
31-05-25 15:00,220.26,30.15
31-05-25 16:00,231.84,11.58
31-05-25 17:00,238.49,6.65
31-05-25 18:00,239.6,1.11
31-05-25 19:00,239.66,0.06
31-05-25 20:00,239.66,0
31-05-25 21:00,239.66,0
31-05-25 22:00,0,0
31-05-25 23:00,0,0
01-06-25 0:00,0,0
01-06-25 1:00,0,0
01-06-25 2:00,0,0
01-06-25 3:00,0,0
01-06-25 4:00,0,0
01-06-25 5:00,0,0
01-06-25 6:00,0.28,0.28
01-06-25 7:00,3.47,3.19
01-06-25 8:00,12.63,9.16
01-06-25 9:00,34.49,21.86
01-06-25 10:00,65.6,31.11
01-06-25 11:00,87.61,22.01
01-06-25 12:00,95.05,7.44
01-06-25 13:00,109.12,14.07
01-06-25 14:00,133.22,24.1
01-06-25 15:00,174.17,40.95
01-06-25 16:00,210.31,36.14
01-06-25 17:00,217.57,7.26
01-06-25 18:00,217.57,0
01-06-25 19:00,217.57,0
01-06-25 20:00,217.57,0
01-06-25 23:00,0,0
02-06-25 0:00,0,0
02-06-25 1:00,0,0
02-06-25 2:00,0,0
02-06-25 3:00,0,0
02-06-25 4:00,0,0
02-06-25 5:00,0,0
02-06-25 6:00,0.35,0.35
02-06-25 7:00,4.77,4.42
02-06-25 8:00,16.12,11.35
02-06-25 9:00,39.57,23.45
02-06-25 10:00,74.14,34.57
02-06-25 11:00,119.14,45
02-06-25 12:00,170.33,51.19
02-06-25 13:00,217.8,47.47
02-06-25 14:00,237.8,20
02-06-25 15:00,252.97,15.17
02-06-25 16:00,264.57,11.6
02-06-25 17:00,271.69,7.12
02-06-25 18:00,272.69,1
02-06-25 19:00,273.06,0.37
02-06-25 20:00,273.06,0
02-06-25 21:00,273.06,0
02-06-25 22:00,0,0
02-06-25 23:00,0,0
03-06-25 0:00,0,0
03-06-25 1:00,0,0
03-06-25 2:00,0,0
03-06-25 3:00,0,0
03-06-25 4:00,0,0
03-06-25 5:00,0,0
03-06-25 6:00,0.15,0.15
03-06-25 7:00,3.26,3.11
03-06-25 8:00,14.14,10.88
03-06-25 9:00,36.35,22.21
03-06-25 10:00,65.1,28.75
03-06-25 11:00,95.47,30.37
03-06-25 12:00,131.23,35.76
03-06-25 13:00,138.29,7.06
03-06-25 14:00,148.71,10.42
03-06-25 15:00,153.24,4.53
03-06-25 16:00,155.61,2.37
03-06-25 17:00,157.77,2.16
03-06-25 18:00,164.94,7.17
03-06-25 19:00,167.21,2.27
03-06-25 20:00,167.23,0.02
03-06-25 21:00,167.23,0
03-06-25 22:00,0,0
03-06-25 23:00,0,0
04-06-25 0:00,0,0
04-06-25 1:00,0,0
04-06-25 2:00,0,0
04-06-25 3:00,0,0
04-06-25 4:00,0,0
04-06-25 5:00,0,0
04-06-25 6:00,0.43,0.43
04-06-25 7:00,2.4,1.97
04-06-25 8:00,11.28,8.88
04-06-25 9:00,20.9,9.62
04-06-25 11:00,52.23,31.33
04-06-25 12:00,94.13,41.9
04-06-25 13:00,119.9,25.77
04-06-25 14:00,139.49,19.59
04-06-25 15:00,184.46,44.97
04-06-25 16:00,226.59,42.13
04-06-25 17:00,243.52,16.93
04-06-25 18:00,250.66,7.14
04-06-25 19:00,253.42,2.76
04-06-25 20:00,253.46,0.04
04-06-25 21:00,253.46,0
04-06-25 22:00,0,0
04-06-25 23:00,0,0
05-06-25 0:00,0,0
05-06-25 1:00,0,0
05-06-25 2:00,0,0
05-06-25 3:00,0,0
05-06-25 4:00,0,0
05-06-25 5:00,0,0
05-06-25 6:00,0.32,0.32
05-06-25 7:00,4.11,3.79
05-06-25 8:00,16.67,12.56
05-06-25 9:00,37.4,20.73
05-06-25 10:00,69.7,32.3
05-06-25 11:00,117.89,48.19
05-06-25 12:00,172.41,54.52
05-06-25 13:00,194.68,22.27
05-06-25 14:00,249.46,54.78
05-06-25 15:00,299.77,50.31
05-06-25 16:00,337.3,37.53
05-06-25 17:00,363.74,26.44
05-06-25 18:00,375.85,12.11
05-06-25 19:00,378.84,2.99
05-06-25 20:00,378.9,0.06
05-06-25 21:00,378.9,0
05-06-25 22:00,0,0
05-06-25 23:00,0,0
06-06-25 0:00,0,0
06-06-25 1:00,0,0
06-06-25 2:00,0,0
06-06-25 3:00,0,0
06-06-25 4:00,0,0
06-06-25 5:00,0,0
06-06-25 6:00,0.4,0.4
06-06-25 7:00,4.35,3.95
06-06-25 8:00,13.85,9.5
06-06-25 9:00,34.73,20.88
06-06-25 10:00,63.98,29.25
06-06-25 11:00,94.48,30.5
06-06-25 12:00,141.3,46.82
06-06-25 13:00,195,53.7
06-06-25 14:00,239.63,44.63
06-06-25 15:00,244.93,5.3
06-06-25 16:00,254.01,9.08
06-06-25 17:00,273.72,19.71
06-06-25 18:00,286.9,13.18
06-06-25 19:00,289.95,3.05
06-06-25 20:00,290.02,0.07
06-06-25 21:00,290.02,0
06-06-25 22:00,0,0
06-06-25 23:00,0,0
07-06-25 0:00,0,0
07-06-25 1:00,0,0
07-06-25 2:00,0,0
07-06-25 3:00,0,0
07-06-25 4:00,0,0
07-06-25 5:00,0,0
07-06-25 6:00,0.4,0.4
07-06-25 7:00,3.98,3.58
07-06-25 8:00,13.94,9.96
07-06-25 9:00,36.09,22.15
07-06-25 10:00,71.46,35.37
07-06-25 11:00,116.29,44.83
07-06-25 12:00,167.42,51.13
07-06-25 13:00,222.73,55.31
07-06-25 14:00,260.87,38.14
07-06-25 15:00,280.33,19.46
07-06-25 16:00,295.39,15.06
07-06-25 17:00,313.07,17.68
07-06-25 18:00,313.83,0.76
07-06-25 19:00,314.27,0.44
07-06-25 20:00,314.32,0.05
07-06-25 21:00,314.32,0
07-06-25 22:00,0,0
07-06-25 23:00,0,0
08-06-25 0:00,0,0
08-06-25 1:00,0,0
08-06-25 2:00,0,0
08-06-25 3:00,0,0
08-06-25 4:00,0,0
08-06-25 5:00,0,0
08-06-25 6:00,0.37,0.37
08-06-25 7:00,3.94,3.57
08-06-25 8:00,13.77,9.83
08-06-25 9:00,34.24,20.47
08-06-25 10:00,45.48,11.24
08-06-25 11:00,83.23,37.75
08-06-25 12:00,132.22,48.99
08-06-25 13:00,183.68,51.46
08-06-25 14:00,234.42,50.74
08-06-25 15:00,280.15,45.73
08-06-25 16:00,284.2,4.05
08-06-25 17:00,306.61,22.41
08-06-25 18:00,314.96,8.35
08-06-25 19:00,314.96,0
08-06-25 20:00,314.96,0
08-06-25 21:00,314.96,0
08-06-25 22:00,0,0
08-06-25 23:00,0,0
09-06-25 0:00,0,0
09-06-25 1:00,0,0
09-06-25 2:00,0,0
09-06-25 3:00,0,0
09-06-25 4:00,0,0
09-06-25 5:00,0,0
09-06-25 6:00,0.39,0.39
09-06-25 7:00,4.14,3.75
09-06-25 8:00,13.88,9.74
09-06-25 9:00,32.67,18.79
09-06-25 10:00,65.73,33.06
09-06-25 11:00,97.93,32.2
09-06-25 12:00,106.7,8.77
09-06-25 13:00,161.2,54.5
09-06-25 14:00,213.53,52.33
09-06-25 15:00,259.85,46.32
09-06-25 16:00,297.19,37.34
09-06-25 17:00,321.99,24.8
09-06-25 18:00,333.79,11.8
09-06-25 19:00,336.89,3.1
09-06-25 20:00,336.94,0.05
09-06-25 21:00,336.94,0
09-06-25 22:00,0,0
09-06-25 23:00,0,0
10-06-25 0:00,0,0
10-06-25 0:00,0,0
10-06-25 1:00,0,0
10-06-25 2:00,0,0
10-06-25 3:00,0,0
10-06-25 4:00,0,0
10-06-25 5:00,0,0
10-06-25 6:00,0.41,0.41
10-06-25 7:00,4.14,3.73
10-06-25 8:00,9.11,4.97
10-06-25 9:00,24.26,15.15
10-06-25 10:00,60.45,36.19
10-06-25 11:00,106.11,45.66
10-06-25 12:00,158.99,52.88
10-06-25 13:00,207.12,48.13
10-06-25 14:00,211.45,4.33
10-06-25 15:00,256.51,45.06
10-06-25 16:00,295.87,39.36
10-06-25 17:00,322.24,26.37
10-06-25 18:00,334.47,12.23
10-06-25 19:00,337.63,3.16
10-06-25 20:00,337.71,0.08
10-06-25 21:00,337.71,0
10-06-25 22:00,0,0
10-06-25 23:00,0,0
11-06-25 0:00,0,0
11-06-25 1:00,0,0
11-06-25 2:00,0,0
11-06-25 3:00,0,0
11-06-25 4:00,0,0
11-06-25 5:00,0,0
11-06-25 6:00,0.41,0.41
11-06-25 7:00,0.76,0.35
11-06-25 8:00,1.12,0.36
11-06-25 9:00,23.04,21.92
11-06-25 10:00,58.24,35.2
11-06-25 11:00,103.77,45.53
11-06-25 12:00,156.14,52.37
11-06-25 13:00,210.39,54.25
11-06-25 14:00,261.19,50.8
11-06-25 15:00,268.62,7.43
11-06-25 16:00,283.99,15.37
11-06-25 17:00,306.31,22.32
11-06-25 18:00,316.42,10.11
11-06-25 19:00,319.23,2.81
11-06-25 20:00,319.29,0.06
11-06-25 21:00,319.29,0
11-06-25 22:00,0,0
11-06-25 23:00,0,0
12-06-25 0:00,0,0
12-06-25 1:00,0,0
12-06-25 2:00,0,0
12-06-25 3:00,0,0
12-06-25 4:00,0,0
12-06-25 5:00,0,0
12-06-25 6:00,0.35,0.35
12-06-25 7:00,3.78,3.43
12-06-25 8:00,12.6,8.82
12-06-25 9:00,32,19.4
12-06-25 10:00,62.46,30.46
12-06-25 11:00,102.54,40.08
12-06-25 12:00,149.06,46.52
12-06-25 13:00,152.63,3.57
12-06-25 14:00,200.6,47.97
12-06-25 15:00,243.64,43.04
12-06-25 16:00,263.48,19.84
12-06-25 17:00,280.85,17.37
12-06-25 18:00,290.73,9.88
12-06-25 19:00,293.05,2.32
12-06-25 20:00,293.05,0
12-06-25 21:00,293.05,0
12-06-25 22:00,0,0
12-06-25 23:00,0,0
13-06-25 0:00,0,0
13-06-25 1:00,0,0
13-06-25 2:00,0,0
13-06-25 3:00,0,0
13-06-25 4:00,0,0
13-06-25 5:00,0,0
13-06-25 6:00,0.35,0.35
13-06-25 7:00,4.08,3.73
13-06-25 8:00,14.24,10.16
13-06-25 9:00,34.82,20.58
13-06-25 10:00,66.99,32.17
13-06-25 11:00,108.01,41.02
13-06-25 12:00,142.61,34.6
13-06-25 13:00,147.12,4.51
13-06-25 14:00,187.6,40.48
13-06-25 15:00,231.77,44.17
13-06-25 16:00,267.19,35.42
13-06-25 17:00,289.37,22.18
13-06-25 18:00,297.62,8.25
13-06-25 19:00,299.94,2.32
13-06-25 20:00,299.96,0.02
13-06-25 21:00,299.96,0
13-06-25 22:00,0,0
13-06-25 23:00,0,0
14-06-25 0:00,0,0
14-06-25 1:00,0,0
14-06-25 2:00,0,0
14-06-25 3:00,0,0
14-06-25 4:00,0,0
14-06-25 5:00,0,0
14-06-25 6:00,0.34,0.34
14-06-25 7:00,4.08,3.74
14-06-25 8:00,14.09,10.01
14-06-25 9:00,33.9,19.81
14-06-25 10:00,64.92,31.02
14-06-25 11:00,104.6,39.68
14-06-25 12:00,152.15,47.55
14-06-25 13:00,202.38,50.23
14-06-25 14:00,251.38,49
14-06-25 15:00,295.07,43.69
14-06-25 16:00,328.76,33.69
14-06-25 17:00,331.94,3.18
14-06-25 18:00,339.01,7.07
14-06-25 19:00,341.9,2.89
14-06-25 20:00,341.95,0.05
14-06-25 21:00,341.95,0
14-06-25 22:00,0,0
14-06-25 23:00,0,0
15-06-25 0:00,0,0
15-06-25 1:00,0,0
15-06-25 2:00,0,0
15-06-25 3:00,0,0
15-06-25 4:00,0,0
15-06-25 5:00,0,0
15-06-25 6:00,0,0
15-06-25 7:00,0.02,0.02
15-06-25 8:00,2.98,2.96
15-06-25 9:00,3.05,0.07
15-06-25 10:00,29.45,26.4
15-06-25 11:00,73.25,43.8
15-06-25 12:00,118.2,44.95
15-06-25 13:00,165.66,47.46
15-06-25 14:00,201.9,36.24
15-06-25 15:00,227.42,25.52
15-06-25 16:00,244.4,16.98
15-06-25 17:00,244.4,0
15-06-25 18:00,244.4,0
15-06-25 19:00,244.4,0
15-06-25 20:00,244.4,0
16-06-25 6:00,0,0
16-06-25 7:00,0,0
16-06-25 8:00,5.91,5.91
16-06-25 9:00,16.63,10.72
16-06-25 10:00,35.42,18.79
16-06-25 11:00,62.67,27.25
16-06-25 12:00,74.89,12.22
16-06-25 13:00,93.5,18.61
16-06-25 14:00,117.13,23.63
16-06-25 15:00,136.75,19.62
16-06-25 16:00,178.11,41.36
16-06-25 17:00,193.74,15.63
16-06-25 18:00,201.22,7.48
16-06-25 19:00,202.64,1.42
16-06-25 20:00,202.68,0.04
16-06-25 21:00,202.68,0
16-06-25 22:00,0,0
16-06-25 23:00,0,0
17-06-25 0:00,0,0
17-06-25 1:00,0,0
17-06-25 2:00,0,0
17-06-25 3:00,0,0
17-06-25 4:00,0,0
17-06-25 5:00,0,0
17-06-25 6:00,0.43,0.43
17-06-25 7:00,6.01,5.58
17-06-25 8:00,18.88,12.87
17-06-25 9:00,31.51,12.63
17-06-25 10:00,59.54,28.03
17-06-25 11:00,71.56,12.02
17-06-25 12:00,89.02,17.46
17-06-25 13:00,133.77,44.75
17-06-25 14:00,153.36,19.59
17-06-25 15:00,160.01,6.65
17-06-25 16:00,189.62,29.61
17-06-25 17:00,204.83,15.21
17-06-25 18:00,205.66,0.83
17-06-25 19:00,205.66,0
17-06-25 20:00,205.66,0
17-06-25 21:00,205.66,0
17-06-25 22:00,0,0
17-06-25 23:00,0,0
18-06-25 0:00,0,0
18-06-25 1:00,0,0
18-06-25 2:00,0,0
18-06-25 3:00,0,0
18-06-25 4:00,0,0
18-06-25 5:00,0,0
18-06-25 6:00,0.02,0.02
18-06-25 7:00,1.73,1.71
18-06-25 8:00,7.1,5.37
18-06-25 9:00,17.79,10.69
18-06-25 10:00,30.66,12.87
18-06-25 11:00,56.07,25.41
18-06-25 12:00,83.04,26.97
18-06-25 13:00,95.97,12.93
18-06-25 14:00,104.65,8.68
18-06-25 15:00,150.96,46.31
18-06-25 16:00,163.64,12.68
18-06-25 17:00,182.1,18.46
18-06-25 18:00,193.04,10.94
18-06-25 19:00,195.15,2.11
18-06-25 20:00,195.18,0.03
19-06-25 6:00,0,0
19-06-25 7:00,0,0
19-06-25 8:00,4.55,4.55
19-06-25 9:00,14.57,10.02
19-06-25 10:00,30.01,15.44
19-06-25 11:00,50.19,20.18
19-06-25 12:00,85.29,35.1
19-06-25 13:00,145.38,60.09
19-06-25 14:00,177.88,32.5
19-06-25 15:00,193.53,15.65
19-06-25 16:00,229.75,36.22
19-06-25 17:00,255.41,25.66
19-06-25 18:00,259.03,3.62
19-06-25 19:00,260.75,1.72
19-06-25 20:00,260.89,0.14
19-06-25 21:00,260.89,0
19-06-25 22:00,0,0
19-06-25 23:00,0,0
20-06-25 0:00,0,0
20-06-25 1:00,0,0
20-06-25 2:00,0,0
20-06-25 3:00,0,0
20-06-25 4:00,0,0
20-06-25 5:00,0,0
20-06-25 6:00,0.38,0.38
20-06-25 7:00,4.63,4.25
20-06-25 8:00,14.08,9.45
20-06-25 9:00,26.87,12.79
20-06-25 10:00,46.59,19.72
20-06-25 11:00,54.52,7.93
20-06-25 12:00,67.71,13.19
20-06-25 13:00,69.76,2.05
20-06-25 14:00,94.18,24.42
20-06-25 15:00,107.11,12.93
20-06-25 16:00,138.72,31.61
20-06-25 17:00,150.12,11.4
20-06-25 18:00,161.06,10.94
20-06-25 19:00,163.2,2.14
20-06-25 20:00,163.2,0
20-06-25 21:00,163.2,0
20-06-25 22:00,0,0
20-06-25 23:00,0,0
21-06-25 0:00,0,0
21-06-25 1:00,0,0
21-06-25 2:00,0,0
21-06-25 3:00,0,0
21-06-25 4:00,0,0
21-06-25 5:00,0,0
21-06-25 6:00,0.49,0.49
21-06-25 7:00,5.84,5.35
21-06-25 8:00,16.74,10.9
21-06-25 9:00,37.26,20.52
21-06-25 10:00,69.29,32.03
21-06-25 11:00,113.97,44.68
21-06-25 12:00,153.26,39.29
21-06-25 13:00,155.93,2.67
21-06-25 14:00,172.28,16.35
21-06-25 15:00,200.77,28.49
21-06-25 16:00,225.47,24.7
21-06-25 17:00,231.6,6.13
21-06-25 18:00,234.82,3.22
21-06-25 19:00,236.33,1.51
21-06-25 20:00,236.33,0
21-06-25 21:00,236.33,0
21-06-25 22:00,0,0
21-06-25 23:00,0,0
22-06-25 0:00,0,0
22-06-25 1:00,0,0
22-06-25 2:00,0,0
22-06-25 3:00,0,0
22-06-25 4:00,0,0
22-06-25 5:00,0,0
22-06-25 6:00,0.29,0.29
22-06-25 7:00,4.04,3.75
22-06-25 8:00,14.81,10.77
22-06-25 9:00,36.76,21.95
22-06-25 10:00,68.02,31.26
22-06-25 11:00,100.25,32.23
22-06-25 12:00,132.06,31.81
22-06-25 13:00,169.58,37.52
22-06-25 14:00,207.14,37.56
22-06-25 15:00,228.57,21.43
22-06-25 16:00,234.47,5.9
22-06-25 17:00,245.21,10.74
22-06-25 18:00,254.5,9.29
22-06-25 19:00,256.97,2.47
22-06-25 20:00,256.98,0.01
22-06-25 21:00,256.98,0
22-06-25 22:00,0,0
22-06-25 23:00,0,0
23-06-25 0:00,0,0
23-06-25 1:00,0,0
23-06-25 2:00,0,0
23-06-25 3:00,0,0
23-06-25 4:00,0,0
23-06-25 5:00,0,0
23-06-25 6:00,0.13,0.13
23-06-25 7:00,3.12,2.99
23-06-25 8:00,14.25,11.13
23-06-25 9:00,33.14,18.89
23-06-25 10:00,61.29,28.15
23-06-25 11:00,81.59,20.3
23-06-25 12:00,110.77,29.18
23-06-25 13:00,153.76,42.99
23-06-25 14:00,184.1,30.34
23-06-25 15:00,212.11,28.01
23-06-25 16:00,228.59,16.48
23-06-25 17:00,241.37,12.78
23-06-25 18:00,253.94,12.57
23-06-25 19:00,257.28,3.34
23-06-25 20:00,257.28,0
23-06-25 21:00,257.28,0
23-06-25 22:00,0,0
23-06-25 23:00,0,0
24-06-25 0:00,0,0
24-06-25 1:00,0,0
24-06-25 2:00,0,0
24-06-25 3:00,0,0
24-06-25 4:00,0,0
24-06-25 5:00,0,0
24-06-25 6:00,0.12,0.12
24-06-25 7:00,3.38,3.26
24-06-25 8:00,15.04,11.66
24-06-25 9:00,36.25,21.21
24-06-25 10:00,67.85,31.6
24-06-25 11:00,85.38,17.53
24-06-25 12:00,103.99,18.61
24-06-25 13:00,111.35,7.36
24-06-25 14:00,148.06,36.71
24-06-25 15:00,194.98,46.92
24-06-25 16:00,228.8,33.82
24-06-25 17:00,231.48,2.68
24-06-25 18:00,235.49,4.01
24-06-25 19:00,238.74,3.25
24-06-25 20:00,238.8,0.06
24-06-25 21:00,238.8,0
24-06-25 22:00,0,0
24-06-25 23:00,0,0
25-06-25 0:00,0,0
25-06-25 1:00,0,0
25-06-25 2:00,0,0
25-06-25 3:00,0,0
25-06-25 4:00,0,0
25-06-25 5:00,0,0
25-06-25 6:00,0.09,0.09
25-06-25 7:00,2.11,2.02
25-06-25 8:00,10.19,8.08
25-06-25 9:00,30.98,20.79
25-06-25 10:00,51.81,20.83
25-06-25 11:00,69.44,17.63
25-06-25 12:00,79.59,10.15
25-06-25 13:00,111.53,31.94
25-06-25 14:00,147.72,36.19
25-06-25 15:00,171.8,24.08
25-06-25 16:00,188.68,16.88
25-06-25 17:00,201.69,13.01
25-06-25 18:00,214.8,13.11
25-06-25 19:00,217.03,2.23
25-06-25 20:00,217.25,0.22
25-06-25 21:00,217.25,0
25-06-25 22:00,0,0
25-06-25 23:00,0,0
26-06-25 0:00,0,0
26-06-25 1:00,0,0
26-06-25 2:00,0,0
26-06-25 3:00,0,0
26-06-25 4:00,0,0
26-06-25 5:00,0,0
26-06-25 6:00,0.13,0.13
26-06-25 7:00,0.14,0.01
26-06-25 8:00,8.48,8.34
26-06-25 9:00,27.34,18.86
26-06-25 10:00,62.73,35.39
26-06-25 11:00,98.51,35.78
26-06-25 12:00,111.42,12.91
26-06-25 13:00,133.17,21.75
26-06-25 14:00,181.76,48.59
26-06-25 15:00,219.18,37.42
26-06-25 16:00,240.88,21.7
26-06-25 17:00,269.77,28.89
26-06-25 18:00,279.33,9.56
26-06-25 19:00,283.79,4.46
26-06-25 20:00,283.93,0.14
26-06-25 21:00,283.93,0
26-06-25 22:00,0,0
26-06-25 23:00,0,0
27-06-25 0:00,0,0
27-06-25 1:00,0,0
27-06-25 2:00,0,0
27-06-25 3:00,0,0
27-06-25 4:00,0,0
27-06-25 5:00,0,0
27-06-25 6:00,0.21,0.21
27-06-25 7:00,3.7,3.49
27-06-25 8:00,12.53,8.83
27-06-25 9:00,35.05,22.52
27-06-25 10:00,60.87,25.82
27-06-25 11:00,101.93,41.06
27-06-25 12:00,115.8,13.87
27-06-25 13:00,128.5,12.7
27-06-25 14:00,170.41,41.91
27-06-25 15:00,204.7,34.29
27-06-25 16:00,234.1,29.4
27-06-25 17:00,255.66,21.56
27-06-25 18:00,265.23,9.57
27-06-25 19:00,268.62,3.39
27-06-25 20:00,268.72,0.1
27-06-25 21:00,268.72,0
27-06-25 22:00,0,0
27-06-25 23:00,0,0
28-06-25 0:00,0,0
28-06-25 1:00,0,0
28-06-25 2:00,0,0
28-06-25 3:00,0,0
28-06-25 4:00,0,0
28-06-25 5:00,0,0
28-06-25 6:00,0.3,0.3
28-06-25 7:00,4.68,4.38
28-06-25 8:00,15.21,10.53
28-06-25 9:00,34.12,18.91
28-06-25 10:00,64.18,30.06
28-06-25 11:00,93.88,29.7
28-06-25 12:00,135.21,41.33
28-06-25 13:00,150.51,15.3
28-06-25 14:00,169.15,18.64
28-06-25 15:00,184.02,14.87
28-06-25 16:00,184.07,0.05
28-06-25 17:00,184.28,0.21
28-06-25 18:00,184.8,0.52
28-06-25 19:00,185.51,0.71
28-06-25 20:00,185.54,0.03
28-06-25 21:00,185.54,0
28-06-25 22:00,0,0
28-06-25 23:00,0,0
29-06-25 0:00,0,0
29-06-25 1:00,0,0
29-06-25 2:00,0,0
29-06-25 3:00,0,0
29-06-25 4:00,0,0
29-06-25 5:00,0,0
29-06-25 6:00,0.24,0.24
29-06-25 7:00,6.26,6.02
29-06-25 8:00,14.8,8.54
29-06-25 9:00,30.14,15.34
29-06-25 10:00,56.49,26.35
29-06-25 11:00,92.61,36.12
29-06-25 12:00,120.51,27.9
29-06-25 13:00,122.35,1.84
29-06-25 14:00,122.92,0.57
29-06-25 15:00,124.15,1.23
29-06-25 16:00,125.99,1.84
29-06-25 17:00,125.99,0
29-06-25 18:00,125.99,0
29-06-25 19:00,125.99,0
29-06-25 20:00,125.99,0
29-06-25 22:00,0,0
29-06-25 23:00,0,0
30-06-25 0:00,0,0
30-06-25 1:00,0,0
30-06-25 2:00,0,0
30-06-25 3:00,0,0
30-06-25 4:00,0,0
30-06-25 5:00,0,0
30-06-25 6:00,0.04,0.04
30-06-25 7:00,0.57,0.53
30-06-25 8:00,1.54,0.97
30-06-25 9:00,6.16,4.62
30-06-25 10:00,19.1,12.94
30-06-25 11:00,32.71,13.61
30-06-25 12:00,42.31,9.6
30-06-25 13:00,67.93,25.62
30-06-25 14:00,98.36,30.43
30-06-25 15:00,118.69,20.33
30-06-25 16:00,136.53,17.84
30-06-25 17:00,145.28,8.75
30-06-25 18:00,147.79,2.51
30-06-25 19:00,148.34,0.55
30-06-25 20:00,148.35,0.01
30-06-25 21:00,148.35,0
30-06-25 22:00,0,0
30-06-25 23:00,0,0
01-07-25 0:00,0,0
01-07-25 1:00,0,0
01-07-25 2:00,0,0
01-07-25 3:00,0,0
01-07-25 4:00,0,0
01-07-25 5:00,0,0
01-07-25 6:00,0.3,0.3
01-07-25 7:00,2.27,1.97
01-07-25 8:00,13.48,11.21
01-07-25 9:00,20.52,7.04
01-07-25 10:00,34.97,14.45
01-07-25 11:00,65.5,30.53
01-07-25 12:00,111.71,46.21
01-07-25 13:00,112.45,0.74
01-07-25 14:00,149.4,36.95
01-07-25 15:00,191.44,42.04
01-07-25 16:00,234.32,42.88
01-07-25 17:00,250.53,16.21
01-07-25 18:00,265.26,14.73
01-07-25 19:00,267.56,2.3
01-07-25 20:00,267.61,0.05
01-07-25 21:00,267.61,0
01-07-25 22:00,0,0
01-07-25 23:00,0,0
02-07-25 0:00,0,0
02-07-25 1:00,0,0
02-07-25 2:00,0,0
02-07-25 3:00,0,0
02-07-25 4:00,0,0
02-07-25 5:00,0,0
02-07-25 6:00,0.25,0.25
02-07-25 7:00,5.53,5.28
02-07-25 8:00,12.64,7.11
02-07-25 9:00,36.16,23.52
02-07-25 10:00,72.14,35.98
02-07-25 11:00,99.02,26.88
02-07-25 12:00,147.45,48.43
02-07-25 13:00,197.7,50.25
02-07-25 14:00,209.21,11.51
02-07-25 15:00,241.88,32.67
02-07-25 16:00,275.73,33.85
02-07-25 17:00,294.24,18.51
02-07-25 18:00,296.24,2
02-07-25 19:00,300.01,3.77
02-07-25 20:00,300.14,0.13
02-07-25 21:00,300.14,0
02-07-25 22:00,0,0
02-07-25 23:00,0,0
03-07-25 0:00,0,0
03-07-25 1:00,0,0
03-07-25 2:00,0,0
03-07-25 3:00,0,0
03-07-25 4:00,0,0
03-07-25 5:00,0,0
03-07-25 6:00,0.31,0.31
03-07-25 7:00,3.85,3.54
03-07-25 8:00,14.6,10.75
03-07-25 9:00,36.43,21.83
03-07-25 10:00,65.32,28.89
03-07-25 11:00,102.71,37.39
03-07-25 12:00,139.89,37.18
03-07-25 13:00,165.36,25.47
03-07-25 14:00,167.06,1.7
03-07-25 15:00,203.13,36.07
03-07-25 16:00,216.31,13.18
03-07-25 17:00,234.9,18.59
03-07-25 18:00,246.93,12.03
03-07-25 19:00,250.75,3.82
03-07-25 20:00,250.8,0.05
03-07-25 21:00,250.8,0
03-07-25 22:00,0,0
03-07-25 23:00,0,0
04-07-25 0:00,0,0
04-07-25 1:00,0,0
04-07-25 2:00,0,0
04-07-25 3:00,0,0
04-07-25 4:00,0,0
04-07-25 5:00,0,0
04-07-25 6:00,0.54,0.54
04-07-25 7:00,5.16,4.62
04-07-25 8:00,10.91,5.75
04-07-25 9:00,26.98,16.07
04-07-25 10:00,55.57,28.59
04-07-25 11:00,82.89,27.32
04-07-25 12:00,93.82,10.93
04-07-25 13:00,104.68,10.86
04-07-25 14:00,140.19,35.51
04-07-25 15:00,185.54,45.35
04-07-25 16:00,199.77,14.23
04-07-25 17:00,211.06,11.29
04-07-25 18:00,216.42,5.36
04-07-25 19:00,219.33,2.91
04-07-25 20:00,219.39,0.06
04-07-25 21:00,219.39,0
04-07-25 22:00,0,0
04-07-25 23:00,0,0
05-07-25 0:00,0,0
05-07-25 1:00,0,0
05-07-25 2:00,0,0
05-07-25 3:00,0,0
05-07-25 4:00,0,0
05-07-25 5:00,0,0
05-07-25 6:00,0.1,0.1
05-07-25 7:00,4.76,4.66
05-07-25 8:00,14.84,10.08
05-07-25 9:00,36.07,21.23
05-07-25 10:00,60.42,24.35
05-07-25 11:00,98.47,38.05
05-07-25 12:00,114.05,15.58
05-07-25 13:00,119.83,5.78
05-07-25 14:00,130.55,10.72
05-07-25 15:00,175.78,45.23
05-07-25 16:00,196.47,20.69
05-07-25 17:00,202.67,6.2
05-07-25 18:00,205.3,2.63
05-07-25 19:00,207.26,1.96
05-07-25 20:00,207.27,0.01
05-07-25 21:00,207.27,0
05-07-25 22:00,0,0
05-07-25 23:00,0,0
06-07-25 0:00,0,0
06-07-25 1:00,0,0
06-07-25 2:00,0,0
06-07-25 3:00,0,0
06-07-25 4:00,0,0
06-07-25 5:00,0,0
06-07-25 6:00,0.22,0.22
06-07-25 7:00,1.77,1.55
06-07-25 8:00,8.85,7.08
06-07-25 9:00,20.55,11.7
06-07-25 10:00,39.68,19.13
06-07-25 11:00,80.42,40.74
06-07-25 12:00,114.91,34.49
06-07-25 13:00,156.89,41.98
06-07-25 14:00,189.13,32.24
06-07-25 15:00,209.75,20.62
06-07-25 16:00,221.17,11.42
06-07-25 17:00,234.25,13.08
06-07-25 18:00,243.29,9.04
06-07-25 19:00,246.79,3.5
06-07-25 20:00,246.81,0.02
06-07-25 21:00,246.81,0
06-07-25 22:00,0,0
06-07-25 23:00,0,0
07-07-25 0:00,0,0
07-07-25 1:00,0,0
07-07-25 6:00,0,0
07-07-25 7:00,0,0
07-07-25 8:00,0.01,0.01
07-07-25 9:00,0.38,0.37
07-07-25 10:00,5.33,4.95
07-07-25 11:00,8.74,3.41
07-07-25 12:00,13.55,4.81
07-07-25 13:00,16.49,2.94
07-07-25 14:00,17.18,0.69
07-07-25 15:00,61.76,44.58
07-07-25 16:00,100.02,38.26
07-07-25 17:00,125.66,25.64
07-07-25 18:00,135.68,10.02
07-07-25 19:00,135.69,0.01
07-07-25 20:00,135.86,0.17
07-07-25 21:00,135.86,0
07-07-25 22:00,0,0
07-07-25 23:00,0,0
08-07-25 0:00,0,0
08-07-25 1:00,0,0
08-07-25 2:00,0,0
08-07-25 3:00,0,0
08-07-25 4:00,0,0
08-07-25 5:00,0,0
08-07-25 6:00,0.28,0.28
08-07-25 7:00,4.41,4.13
08-07-25 8:00,8.36,3.95
08-07-25 9:00,21.83,13.47
08-07-25 10:00,55.43,33.6
08-07-25 11:00,92.8,37.37
08-07-25 12:00,108.35,15.55
08-07-25 13:00,134.61,26.26
08-07-25 14:00,178.09,43.48
08-07-25 15:00,228.93,50.84
08-07-25 16:00,274.34,45.41
08-07-25 17:00,306.43,32.09
08-07-25 18:00,324.11,17.68
08-07-25 19:00,331.12,7.01
08-07-25 20:00,331.37,0.25
08-07-25 21:00,331.37,0
08-07-25 22:00,0,0
08-07-25 23:00,0,0
09-07-25 0:00,0,0
09-07-25 1:00,0,0
09-07-25 2:00,0,0
09-07-25 3:00,0,0
09-07-25 4:00,0,0
09-07-25 5:00,0,0
09-07-25 6:00,0.18,0.18
09-07-25 7:00,4.45,4.27
09-07-25 8:00,17.25,12.8
09-07-25 9:00,38.85,21.6
09-07-25 10:00,73.49,34.64
09-07-25 11:00,113.45,39.96
09-07-25 12:00,148.91,35.46
09-07-25 13:00,155.75,6.84
09-07-25 14:00,189.25,33.5
09-07-25 15:00,229.57,40.32
09-07-25 16:00,258.76,29.19
09-07-25 17:00,276.58,17.82
09-07-25 18:00,284.85,8.27
09-07-25 19:00,286.01,1.16
09-07-25 20:00,286.01,0
09-07-25 21:00,286.01,0
09-07-25 22:00,0,0
09-07-25 23:00,0,0
10-07-25 0:00,0,0
10-07-25 1:00,0,0
10-07-25 2:00,0,0
10-07-25 3:00,0,0
10-07-25 4:00,0,0
10-07-25 5:00,0,0
10-07-25 6:00,0.05,0.05
10-07-25 7:00,2.98,2.93
10-07-25 8:00,2.98,0
10-07-25 9:00,2.98,0
10-07-25 10:00,2.98,0
10-07-25 11:00,2.98,0
10-07-25 12:00,2.98,0
10-07-25 13:00,2.98,0
10-07-25 14:00,2.98,0
10-07-25 15:00,2.98,0
10-07-25 16:00,2.98,0
10-07-25 17:00,2.98,0
10-07-25 18:00,2.98,0
10-07-25 19:00,2.98,0
10-07-25 20:00,2.98,0
10-07-25 22:00,0,0
10-07-25 23:00,0,0
11-07-25 0:00,0,0
11-07-25 1:00,0,0
11-07-25 2:00,0,0
11-07-25 3:00,0,0
11-07-25 4:00,0,0
11-07-25 5:00,0,0
11-07-25 6:00,0.18,0.18
11-07-25 7:00,2.91,2.73
11-07-25 8:00,13,10.09
11-07-25 9:00,28.81,15.81
11-07-25 10:00,63.67,34.86
11-07-25 11:00,85.52,21.85
11-07-25 12:00,117.43,31.91
11-07-25 13:00,122.14,4.71
11-07-25 14:00,129.64,7.5
11-07-25 15:00,161.06,31.42
11-07-25 16:00,192.31,31.25
11-07-25 17:00,195.38,3.07
11-07-25 18:00,197.95,2.57
11-07-25 19:00,198.33,0.38
11-07-25 20:00,198.33,0
12-07-25 6:00,0,0
12-07-25 7:00,0,0
12-07-25 8:00,6.09,6.09
12-07-25 9:00,10.25,4.16
12-07-25 10:00,16.44,6.19
12-07-25 11:00,45.88,29.44
12-07-25 12:00,89.68,43.8
12-07-25 13:00,99.45,9.77
12-07-25 14:00,143.06,43.61
12-07-25 15:00,167.39,24.33
12-07-25 16:00,185.19,17.8
12-07-25 17:00,192.83,7.64
12-07-25 18:00,198.35,5.52
12-07-25 19:00,201.52,3.17
12-07-25 20:00,201.66,0.14
12-07-25 21:00,201.66,0
12-07-25 22:00,0,0
12-07-25 23:00,0,0
13-07-25 0:00,0,0
13-07-25 1:00,0,0
13-07-25 2:00,0,0
13-07-25 3:00,0,0
13-07-25 4:00,0,0
13-07-25 5:00,0,0
13-07-25 6:00,0.04,0.04
13-07-25 7:00,3.49,3.45
13-07-25 8:00,12.5,9.01
13-07-25 9:00,21.8,9.3
13-07-25 10:00,38.45,16.65
13-07-25 11:00,64.94,26.49
13-07-25 12:00,111.82,46.88
13-07-25 13:00,142.72,30.9
13-07-25 14:00,180.02,37.3
13-07-25 15:00,189.59,9.57
13-07-25 16:00,189.59,0
13-07-25 17:00,196.16,6.57
13-07-25 18:00,207.4,11.24
13-07-25 19:00,207.4,0
13-07-25 20:00,207.4,0
13-07-25 22:00,0,0
13-07-25 23:00,0,0
14-07-25 0:00,0,0
14-07-25 2:00,0,0
14-07-25 3:00,0,0
14-07-25 4:00,0,0
14-07-25 5:00,0,0
14-07-25 6:00,0.14,0.14
14-07-25 7:00,3.26,3.12
14-07-25 8:00,8.85,5.59
14-07-25 9:00,15.82,6.97
14-07-25 10:00,45.05,29.23
14-07-25 11:00,65.14,20.09
14-07-25 12:00,87.27,22.13
14-07-25 13:00,116.95,29.68
14-07-25 14:00,148.58,31.63
14-07-25 15:00,177.62,29.04
14-07-25 16:00,198.76,21.14
14-07-25 17:00,204.53,5.77
14-07-25 18:00,206.2,1.67
14-07-25 19:00,206.46,0.26
14-07-25 20:00,206.47,0.01
14-07-25 21:00,206.47,0
14-07-25 22:00,0,0
14-07-25 23:00,0,0
15-07-25 0:00,0,0
15-07-25 0:00,0,0
15-07-25 1:00,0,0
15-07-25 2:00,0,0
15-07-25 3:00,0,0
15-07-25 4:00,0,0
15-07-25 5:00,0,0
15-07-25 6:00,0.18,0.18
15-07-25 7:00,2.92,2.74
15-07-25 8:00,11.37,8.45
15-07-25 9:00,29.79,18.42
15-07-25 10:00,58.33,28.54
15-07-25 11:00,103.73,45.4
15-07-25 12:00,161.95,58.22
15-07-25 13:00,196.22,34.27
15-07-25 14:00,202.69,6.47
15-07-25 15:00,209.29,6.6
15-07-25 16:00,213.47,4.18
15-07-25 17:00,225.16,11.69
15-07-25 18:00,238.1,12.94
15-07-25 19:00,245.85,7.75
15-07-25 20:00,246.14,0.29
15-07-25 21:00,246.14,0
15-07-25 22:00,0,0
15-07-25 23:00,0,0
16-07-25 0:00,0,0
16-07-25 1:00,0,0
16-07-25 2:00,0,0
16-07-25 3:00,0,0
16-07-25 4:00,0,0
16-07-25 5:00,0,0
16-07-25 6:00,0.17,0.17
16-07-25 7:00,3.64,3.47
16-07-25 8:00,16.2,12.56
16-07-25 9:00,36.77,20.57
16-07-25 10:00,55.56,18.79
16-07-25 11:00,75.56,20
16-07-25 12:00,115.99,40.43
16-07-25 13:00,164.65,48.66
16-07-25 14:00,186.15,21.5
16-07-25 15:00,212.23,26.08
16-07-25 16:00,237.04,24.81
16-07-25 17:00,240.59,3.55
16-07-25 18:00,248.62,8.03
16-07-25 19:00,250.8,2.18
16-07-25 20:00,250.86,0.06
16-07-25 21:00,250.86,0
16-07-25 22:00,0,0
16-07-25 23:00,0,0
17-07-25 0:00,0,0
17-07-25 1:00,0,0
17-07-25 2:00,0,0
17-07-25 3:00,0,0
17-07-25 4:00,0,0
17-07-25 5:00,0,0
17-07-25 6:00,0.04,0.04
17-07-25 7:00,2.42,2.38
17-07-25 8:00,7.95,5.53
17-07-25 9:00,22.46,14.51
17-07-25 10:00,34.73,12.27
17-07-25 11:00,56.25,21.52
17-07-25 12:00,87.8,31.55
17-07-25 13:00,111.68,23.88
17-07-25 14:00,140.99,29.31
17-07-25 15:00,151.6,10.61
17-07-25 16:00,166.05,14.45
17-07-25 17:00,181.69,15.64
17-07-25 18:00,193.74,12.05
17-07-25 19:00,195.79,2.05
17-07-25 20:00,195.93,0.14
17-07-25 21:00,195.93,0
17-07-25 22:00,0,0
17-07-25 23:00,0,0
18-07-25 0:00,0,0
18-07-25 1:00,0,0
18-07-25 2:00,0,0
18-07-25 3:00,0,0
18-07-25 4:00,0,0
18-07-25 5:00,0,0
18-07-25 6:00,0.13,0.13
18-07-25 7:00,2.84,2.71
18-07-25 8:00,10.01,7.17
18-07-25 9:00,32.9,22.89
18-07-25 10:00,54.55,21.65
18-07-25 11:00,92.51,37.96
18-07-25 12:00,115.88,23.37
18-07-25 13:00,136.79,20.91
18-07-25 14:00,148.89,12.1
18-07-25 15:00,165.54,16.65
18-07-25 16:00,184.56,19.02
18-07-25 17:00,196.06,11.5
18-07-25 18:00,207.54,11.48
18-07-25 19:00,212.16,4.62
18-07-25 20:00,212.24,0.08
18-07-25 21:00,212.24,0
18-07-25 22:00,0,0
18-07-25 23:00,0,0
19-07-25 0:00,0,0
19-07-25 1:00,0,0
19-07-25 2:00,0,0
19-07-25 3:00,0,0
19-07-25 4:00,0,0
19-07-25 5:00,0,0
19-07-25 6:00,0.18,0.18
19-07-25 7:00,0.66,0.48
19-07-25 8:00,0.66,0
19-07-25 9:00,7.68,7.02
19-07-25 10:00,42.39,34.71
19-07-25 11:00,70.81,28.42
19-07-25 12:00,78.37,7.56
19-07-25 13:00,127.95,49.58
19-07-25 14:00,176.44,48.49
19-07-25 15:00,185.46,9.02
19-07-25 16:00,229.08,43.62
19-07-25 17:00,262.31,33.23
19-07-25 18:00,277.38,15.07
19-07-25 19:00,280.17,2.79
19-07-25 20:00,280.29,0.12
19-07-25 21:00,280.29,0
19-07-25 22:00,0,0
19-07-25 23:00,0,0
20-07-25 0:00,0,0
20-07-25 1:00,0,0
20-07-25 2:00,0,0
20-07-25 3:00,0,0
20-07-25 4:00,0,0
20-07-25 5:00,0,0
20-07-25 6:00,0.15,0.15
20-07-25 7:00,1.54,1.39
20-07-25 8:00,1.54,0
20-07-25 9:00,1.54,0
20-07-25 10:00,21.72,20.18
20-07-25 11:00,62.64,40.92
20-07-25 12:00,73.77,11.13
20-07-25 13:00,73.77,0
20-07-25 14:00,73.77,0
20-07-25 15:00,105.27,31.5
20-07-25 16:00,120.9,15.63
20-07-25 17:00,145.07,24.17
20-07-25 18:00,155.64,10.57
20-07-25 19:00,157.76,2.12
20-07-25 20:00,157.82,0.06
20-07-25 21:00,157.82,0
20-07-25 22:00,0,0
20-07-25 23:00,0,0
21-07-25 0:00,0,0
21-07-25 1:00,0,0
21-07-25 2:00,0,0
21-07-25 3:00,0,0
21-07-25 4:00,0,0
21-07-25 5:00,0,0
21-07-25 6:00,0.01,0.01
21-07-25 7:00,1.33,1.32
21-07-25 8:00,5.53,4.2
21-07-25 9:00,13.9,8.37
21-07-25 10:00,27.65,13.75
21-07-25 11:00,47.93,20.28
21-07-25 12:00,71.38,23.45
21-07-25 13:00,81.89,10.51
21-07-25 14:00,93.28,11.39
21-07-25 15:00,124.28,31
21-07-25 16:00,146.5,22.22
21-07-25 17:00,167.75,21.25
21-07-25 18:00,175.58,7.83
21-07-25 19:00,178.22,2.64
21-07-25 20:00,178.26,0.04
21-07-25 21:00,178.26,0
21-07-25 22:00,0,0
21-07-25 23:00,0,0
22-07-25 0:00,0,0
22-07-25 1:00,0,0
22-07-25 2:00,0,0
22-07-25 3:00,0,0
22-07-25 4:00,0,0
22-07-25 5:00,0,0
22-07-25 6:00,0.06,0.06
22-07-25 7:00,3.5,3.44
22-07-25 8:00,12.82,9.32
22-07-25 9:00,34.78,21.96
22-07-25 10:00,63.41,28.63
22-07-25 11:00,73.18,9.77
22-07-25 12:00,99.13,25.95
22-07-25 13:00,113.78,14.65
22-07-25 14:00,125.41,11.63
22-07-25 15:00,143.86,18.45
22-07-25 16:00,152.14,8.28
22-07-25 17:00,163.01,10.87
22-07-25 18:00,172.61,9.6
22-07-25 19:00,175.99,3.38
22-07-25 20:00,176.05,0.06
22-07-25 21:00,176.05,0
22-07-25 22:00,0,0
22-07-25 23:00,0,0
23-07-25 0:00,0,0
23-07-25 1:00,0,0
23-07-25 2:00,0,0
23-07-25 3:00,0,0
23-07-25 4:00,0,0
23-07-25 5:00,0,0
23-07-25 6:00,0.01,0.01
23-07-25 7:00,0.15,0.14
23-07-25 8:00,0.35,0.2
23-07-25 9:00,1.36,1.01
23-07-25 10:00,2.37,1.01
23-07-25 11:00,4.97,2.6
23-07-25 12:00,7.71,2.74
23-07-25 13:00,17.51,9.8
23-07-25 14:00,32.78,15.27
23-07-25 15:00,59.23,26.45
23-07-25 16:00,85.38,26.15
23-07-25 17:00,98.24,12.86
23-07-25 18:00,108.93,10.69
23-07-25 19:00,108.93,0
23-07-25 20:00,108.93,0
24-07-25 6:00,0,0
24-07-25 7:00,1.2,1.2
24-07-25 8:00,10.35,9.15
24-07-25 9:00,29.23,18.88
24-07-25 10:00,50.77,21.54
24-07-25 11:00,61.5,10.73
24-07-25 12:00,72.35,10.85
24-07-25 13:00,105.5,33.15
24-07-25 14:00,109.67,4.17
24-07-25 15:00,115.77,6.1
24-07-25 16:00,129.35,13.58
24-07-25 17:00,154.79,25.44
24-07-25 18:00,160.94,6.15
24-07-25 19:00,164.69,3.75
24-07-25 20:00,164.79,0.1
24-07-25 21:00,164.79,0
24-07-25 22:00,0,0
24-07-25 23:00,0,0
25-07-25 0:00,0,0
25-07-25 1:00,0,0
25-07-25 2:00,0,0
25-07-25 3:00,0,0
25-07-25 4:00,0,0
25-07-25 5:00,0,0
25-07-25 6:00,0.25,0.25
25-07-25 7:00,4.16,3.91
25-07-25 8:00,13.3,9.14
25-07-25 9:00,32.68,19.38
25-07-25 10:00,46.21,13.53
25-07-25 11:00,73.9,27.69
25-07-25 12:00,105.08,31.18
25-07-25 13:00,150.62,45.54
25-07-25 14:00,162.06,11.44
25-07-25 15:00,205.44,43.38
25-07-25 16:00,248.91,43.47
25-07-25 17:00,265.33,16.42
25-07-25 18:00,276.78,11.45
25-07-25 19:00,285.37,8.59
25-07-25 20:00,285.92,0.55
25-07-25 21:00,285.92,0
25-07-25 22:00,0,0
25-07-25 23:00,0,0
26-07-25 0:00,0,0
26-07-25 1:00,0,0
26-07-25 2:00,0,0
26-07-25 3:00,0,0
26-07-25 4:00,0,0
26-07-25 5:00,0,0
26-07-25 6:00,0.07,0.07
26-07-25 7:00,2.18,2.11
26-07-25 8:00,10.05,7.87
26-07-25 9:00,24.31,14.26
26-07-25 10:00,41.96,17.65
26-07-25 11:00,55.48,13.52
26-07-25 12:00,89.77,34.29
26-07-25 13:00,133.23,43.46
26-07-25 14:00,191.95,58.72
26-07-25 15:00,247.01,55.06
26-07-25 16:00,283.28,36.27
26-07-25 17:00,291.48,8.2
26-07-25 18:00,298.01,6.53
26-07-25 19:00,301.64,3.63
26-07-25 20:00,301.64,0
26-07-25 21:00,301.64,0
26-07-25 22:00,0,0
26-07-25 23:00,0,0
27-07-25 0:00,0,0
27-07-25 1:00,0,0
27-07-25 2:00,0,0
27-07-25 3:00,0,0
27-07-25 4:00,0,0
27-07-25 5:00,0,0
27-07-25 6:00,0.05,0.05
27-07-25 7:00,2.93,2.88
27-07-25 8:00,11.91,8.98
27-07-25 9:00,24.98,13.07
27-07-25 10:00,35,10.02
27-07-25 11:00,35,0
27-07-25 12:00,35,0
27-07-25 13:00,35,0
27-07-25 14:00,35,0
27-07-25 15:00,35,0
27-07-25 16:00,35,0
27-07-25 17:00,35,0
27-07-25 18:00,37.39,2.39
27-07-25 19:00,41.45,4.06
27-07-25 20:00,41.54,0.09
27-07-25 21:00,41.54,0
27-07-25 22:00,0,0
27-07-25 23:00,0,0
28-07-25 0:00,0,0
28-07-25 1:00,0,0
28-07-25 2:00,0,0
28-07-25 3:00,0,0
28-07-25 4:00,0,0
28-07-25 5:00,0,0
28-07-25 6:00,0.18,0.18
28-07-25 7:00,3.09,2.91
28-07-25 8:00,10.34,7.25
28-07-25 9:00,25.87,15.53
28-07-25 10:00,61.09,35.22
28-07-25 11:00,97.87,36.78
28-07-25 12:00,106.27,8.4
28-07-25 13:00,116.95,10.68
28-07-25 14:00,143.84,26.89
28-07-25 15:00,178.59,34.75
28-07-25 16:00,184.82,6.23
28-07-25 17:00,191.07,6.25
28-07-25 18:00,198.3,7.23
28-07-25 19:00,198.3,0
28-07-25 20:00,198.3,0
28-07-25 21:00,198.3,0
28-07-25 22:00,0,0
28-07-25 23:00,0,0
29-07-25 0:00,0,0
29-07-25 1:00,0,0
29-07-25 2:00,0,0
29-07-25 3:00,0,0
29-07-25 4:00,0,0
29-07-25 5:00,0,0
29-07-25 6:00,0,0
29-07-25 7:00,2.83,2.83
29-07-25 8:00,5.21,2.38
29-07-25 9:00,9.33,4.12
29-07-25 10:00,12.49,3.16
29-07-25 11:00,19.15,6.66
29-07-25 12:00,22.69,3.54
29-07-25 13:00,31.68,8.99
29-07-25 14:00,40.38,8.7
29-07-25 15:00,64.35,23.97
29-07-25 16:00,80.43,16.08
29-07-25 17:00,84.54,4.11
29-07-25 18:00,91.37,6.83
29-07-25 19:00,92.99,1.62
29-07-25 20:00,92.99,0
29-07-25 21:00,92.99,0
29-07-25 22:00,0,0
29-07-25 23:00,0,0
30-07-25 0:00,0,0
30-07-25 1:00,0,0
30-07-25 2:00,0,0
30-07-25 3:00,0,0
30-07-25 4:00,0,0
30-07-25 5:00,0,0
30-07-25 6:00,0.14,0.14
30-07-25 7:00,2.24,2.1
30-07-25 8:00,8.13,5.89
30-07-25 9:00,15.04,6.91
30-07-25 10:00,36.29,21.25
30-07-25 11:00,65.6,29.31
30-07-25 12:00,94.36,28.76
30-07-25 13:00,114.49,20.13
30-07-25 14:00,125.02,10.53
30-07-25 15:00,157.63,32.61
30-07-25 16:00,187.84,30.21
30-07-25 17:00,201.18,13.34
30-07-25 18:00,203.34,2.16
30-07-25 19:00,203.42,0.08
30-07-25 20:00,203.42,0
30-07-25 21:00,203.42,0
30-07-25 22:00,0,0
30-07-25 23:00,0,0
31-07-25 0:00,0,0
31-07-25 1:00,0,0
31-07-25 2:00,0,0
31-07-25 3:00,0,0
31-07-25 4:00,0,0
31-07-25 5:00,0,0
31-07-25 6:00,0.04,0.04
31-07-25 7:00,1.83,1.79
31-07-25 8:00,8.36,6.53
31-07-25 9:00,17.49,9.13
31-07-25 10:00,33.22,15.73
31-07-25 11:00,54.89,21.67
31-07-25 12:00,91.45,36.56
31-07-25 13:00,105.59,14.14
31-07-25 14:00,107.72,2.13
31-07-25 15:00,110.71,2.99
31-07-25 16:00,112.57,1.86
31-07-25 17:00,113.42,0.85
31-07-25 18:00,114.73,1.31
31-07-25 19:00,114.89,0.16
31-07-25 20:00,114.89,0
31-07-25 21:00,114.89,0
31-07-25 22:00,0,0
31-07-25 23:00,0,0
01-08-25 0:00,0,0
01-08-25 1:00,0,0
01-08-25 2:00,0,0
01-08-25 3:00,0,0
01-08-25 4:00,0,0
01-08-25 5:00,0,0
01-08-25 6:00,0.01,0.01
01-08-25 7:00,2.39,2.38
01-08-25 8:00,8.92,6.53
01-08-25 9:00,16,7.08
01-08-25 10:00,20.96,4.96
01-08-25 11:00,39.01,18.05
01-08-25 12:00,52.14,13.13
01-08-25 13:00,102.6,50.46
01-08-25 14:00,145.65,43.05
01-08-25 15:00,185.08,39.43
01-08-25 16:00,192.95,7.87
01-08-25 17:00,203.4,10.45
01-08-25 18:00,217.9,14.5
01-08-25 19:00,219.89,1.99
01-08-25 20:00,219.91,0.02
01-08-25 21:00,219.91,0
01-08-25 22:00,0,0
01-08-25 23:00,0,0
02-08-25 0:00,0,0
02-08-25 1:00,0,0
02-08-25 2:00,0,0
02-08-25 3:00,0,0
02-08-25 4:00,0,0
02-08-25 5:00,0,0
02-08-25 6:00,0.08,0.08
02-08-25 7:00,2.19,2.11
02-08-25 8:00,10.88,8.69
02-08-25 9:00,29.11,18.23
02-08-25 10:00,61.44,32.33
02-08-25 11:00,97.89,36.45
02-08-25 12:00,130.97,33.08
02-08-25 13:00,133.62,2.65
02-08-25 14:00,142.03,8.41
02-08-25 15:00,147.45,5.42
02-08-25 16:00,151.08,3.63
02-08-25 17:00,154.41,3.33
02-08-25 18:00,156.98,2.57
02-08-25 19:00,156.98,0
02-08-25 20:00,156.98,0
03-08-25 6:00,0,0
03-08-25 7:00,1.1,1.1
03-08-25 8:00,9.82,8.72
03-08-25 9:00,9.82,0
03-08-25 10:00,9.82,0
03-08-25 11:00,9.82,0
03-08-25 12:00,9.82,0
03-08-25 13:00,9.82,0
03-08-25 14:00,9.82,0
03-08-25 15:00,9.82,0
03-08-25 16:00,9.82,0
03-08-25 17:00,9.82,0
03-08-25 18:00,9.82,0
03-08-25 19:00,9.82,0
04-08-25 8:00,0.29,0
04-08-25 9:00,0.72,0.43
04-08-25 10:00,4.65,3.93
04-08-25 11:00,8.78,4.13
04-08-25 12:00,16.89,8.11
04-08-25 13:00,24.37,7.48
04-08-25 14:00,28.5,4.13
04-08-25 15:00,36.54,8.04
04-08-25 16:00,41.52,4.98
04-08-25 17:00,43.84,2.32
04-08-25 18:00,46.25,2.41
04-08-25 19:00,46.29,0.04
04-08-25 20:00,46.29,0
04-08-25 21:00,46.29,0
04-08-25 22:00,0,0
04-08-25 23:00,0,0
05-08-25 0:00,0,0
05-08-25 1:00,0,0
05-08-25 2:00,0,0
05-08-25 3:00,0,0
05-08-25 4:00,0,0
05-08-25 5:00,0,0
05-08-25 6:00,0.01,0.01
05-08-25 7:00,1.51,1.5
05-08-25 8:00,6.05,4.54
05-08-25 9:00,18.87,12.82
05-08-25 10:00,37.47,18.6
05-08-25 11:00,66.72,29.25
05-08-25 12:00,103.31,36.59
05-08-25 13:00,136.92,33.61
05-08-25 14:00,163.84,26.92
05-08-25 15:00,193.96,30.12
05-08-25 16:00,215.04,21.08
05-08-25 17:00,218.18,3.14
05-08-25 18:00,221.88,3.7
05-08-25 19:00,222.2,0.32
05-08-25 20:00,222.2,0
05-08-25 21:00,222.2,0
05-08-25 22:00,0,0
05-08-25 23:00,0,0
06-08-25 0:00,0,0
06-08-25 1:00,0,0
06-08-25 2:00,0,0
06-08-25 3:00,0,0
06-08-25 4:00,0,0
06-08-25 5:00,0,0
06-08-25 6:00,0,0
06-08-25 7:00,1.09,1.09
06-08-25 8:00,8.77,7.68
06-08-25 9:00,14.75,5.98
06-08-25 10:00,41.81,27.06
06-08-25 11:00,85.37,43.56
06-08-25 12:00,142.16,56.79
06-08-25 13:00,165.81,23.65
06-08-25 14:00,170.24,4.43
06-08-25 15:00,205.51,35.27
06-08-25 16:00,246.68,41.17
06-08-25 17:00,274.52,27.84
06-08-25 18:00,276.36,1.84
06-08-25 19:00,276.36,0
06-08-25 20:00,276.36,0
06-08-25 21:00,276.36,0
06-08-25 22:00,0,0
06-08-25 23:00,0,0
07-08-25 0:00,0,0
07-08-25 1:00,0,0
07-08-25 2:00,0,0
07-08-25 3:00,0,0
07-08-25 4:00,0,0
07-08-25 5:00,0,0
07-08-25 6:00,0.02,0.02
07-08-25 7:00,2.3,2.28
07-08-25 8:00,6.2,3.9
07-08-25 9:00,25.65,19.45
07-08-25 10:00,62.22,36.57
07-08-25 11:00,109.97,47.75
07-08-25 12:00,162.55,52.58
07-08-25 13:00,204.7,42.15
07-08-25 14:00,239.02,34.32
07-08-25 15:00,256.69,17.67
07-08-25 16:00,297.9,41.21
07-08-25 17:00,326.46,28.56
07-08-25 18:00,336.33,9.87
07-08-25 19:00,337.05,0.72
07-08-25 20:00,337.05,0
07-08-25 21:00,337.05,0
07-08-25 22:00,0,0
07-08-25 23:00,0,0
08-08-25 0:00,0,0
08-08-25 1:00,0,0
08-08-25 2:00,0,0
08-08-25 3:00,0,0
08-08-25 4:00,0,0
08-08-25 5:00,0,0
08-08-25 6:00,0,0
08-08-25 7:00,0,0
08-08-25 8:00,0.01,0.01
08-08-25 9:00,12.74,12.73
08-08-25 10:00,42.43,29.69
08-08-25 11:00,76.07,33.64
08-08-25 12:00,96.35,20.28
08-08-25 13:00,134.36,38.01
08-08-25 14:00,136.92,2.56
08-08-25 15:00,144.04,7.12
08-08-25 16:00,149.31,5.27
08-08-25 17:00,153.4,4.09
08-08-25 18:00,154.19,0.79
08-08-25 19:00,154.19,0
08-08-25 20:00,154.19,0
09-08-25 7:00,0,0
09-08-25 8:00,0,0
09-08-25 9:00,0,0
09-08-25 10:00,0,0
09-08-25 11:00,0,0
09-08-25 12:00,0,0
09-08-25 13:00,0,0
09-08-25 14:00,0,0
09-08-25 15:00,0,0
09-08-25 16:00,0,0
09-08-25 17:00,0,0
09-08-25 18:00,0,0
09-08-25 19:00,0,0
09-08-25 20:00,0,0
10-08-25 11:00,0.26,0.26
10-08-25 12:00,0.26,0
10-08-25 13:00,0.26,0
10-08-25 14:00,0.26,0
10-08-25 15:00,5.61,5.35
10-08-25 16:00,15.07,9.46
10-08-25 17:00,15.07,0
10-08-25 18:00,15.07,0
10-08-25 19:00,15.07,0
10-08-25 20:00,15.07,0
10-08-25 22:00,0,0
10-08-25 23:00,0,0
11-08-25 0:00,0,0
11-08-25 1:00,0,0
11-08-25 2:00,0,0
11-08-25 3:00,0,0
11-08-25 4:00,0,0
11-08-25 5:00,0,0
11-08-25 6:00,0.01,0.01
11-08-25 7:00,1.75,1.74
11-08-25 8:00,9.44,7.69
11-08-25 9:00,29.67,20.23
11-08-25 10:00,55.47,25.8
11-08-25 11:00,82.95,27.48
11-08-25 12:00,133.74,50.79
11-08-25 13:00,173.42,39.68
11-08-25 14:00,208.9,35.48
11-08-25 15:00,243.8,34.9
11-08-25 16:00,267.76,23.96
11-08-25 17:00,286.04,18.28
11-08-25 18:00,293.47,7.43
11-08-25 19:00,294.65,1.18
11-08-25 20:00,294.65,0
11-08-25 21:00,294.65,0
11-08-25 22:00,0,0
11-08-25 23:00,0,0
12-08-25 0:00,0,0
12-08-25 1:00,0,0
12-08-25 2:00,0,0
12-08-25 3:00,0,0
12-08-25 4:00,0,0
12-08-25 5:00,0,0
12-08-25 6:00,0,0
12-08-25 7:00,0.46,0.46
12-08-25 8:00,3.77,3.31
12-08-25 9:00,10.93,7.16
12-08-25 10:00,26.27,15.34
12-08-25 11:00,53.85,27.58
12-08-25 12:00,87.07,33.22
12-08-25 13:00,127.47,40.4
12-08-25 14:00,173.78,46.31
12-08-25 15:00,183.45,9.67
12-08-25 16:00,217.23,33.78
12-08-25 17:00,241.85,24.62
12-08-25 18:00,246.95,5.1
12-08-25 19:00,248.31,1.36
12-08-25 20:00,248.31,0
12-08-25 21:00,248.31,0
12-08-25 22:00,0,0
12-08-25 23:00,0,0
13-08-25 0:00,0,0
13-08-25 1:00,0,0
13-08-25 2:00,0,0
13-08-25 3:00,0,0
13-08-25 4:00,0,0
13-08-25 5:00,0,0
13-08-25 6:00,0,0
13-08-25 7:00,2.1,2.1
13-08-25 8:00,8.53,6.43
13-08-25 9:00,22.37,13.84
13-08-25 10:00,48.87,26.5
13-08-25 11:00,73.1,24.23
13-08-25 12:00,103.35,30.25
13-08-25 13:00,150.26,46.91
13-08-25 14:00,191.97,41.71
13-08-25 15:00,240.16,48.19
13-08-25 16:00,278.79,38.63
13-08-25 17:00,299.37,20.58
13-08-25 18:00,304.12,4.75
13-08-25 19:00,304.68,0.56
13-08-25 20:00,304.68,0
13-08-25 21:00,304.68,0
13-08-25 22:00,0,0
13-08-25 23:00,0,0
14-08-25 0:00,0,0
14-08-25 1:00,0,0
14-08-25 2:00,0,0
14-08-25 3:00,0,0
14-08-25 4:00,0,0
14-08-25 5:00,0,0
14-08-25 6:00,0,0
14-08-25 7:00,0.34,0.34
14-08-25 8:00,2.25,1.91
14-08-25 9:00,2.66,0.41
14-08-25 10:00,4.07,1.41
14-08-25 11:00,7.23,3.16
14-08-25 12:00,12.66,5.43
14-08-25 13:00,15.59,2.93
14-08-25 14:00,17.6,2.01
14-08-25 15:00,21.48,3.88
14-08-25 16:00,24.19,2.71
14-08-25 17:00,28.45,4.26
14-08-25 18:00,30.84,2.39
14-08-25 19:00,31.45,0.61
14-08-25 20:00,31.45,0
14-08-25 21:00,31.45,0
14-08-25 22:00,0,0
14-08-25 23:00,0,0
15-08-25 0:00,0,0
15-08-25 1:00,0,0
15-08-25 2:00,0,0
15-08-25 3:00,0,0
15-08-25 4:00,0,0
15-08-25 5:00,0,0
15-08-25 6:00,0,0
15-08-25 7:00,1.15,1.15
15-08-25 8:00,2.35,1.2
15-08-25 9:00,4.33,1.98
15-08-25 10:00,4.33,0
15-08-25 11:00,4.33,0
15-08-25 12:00,5.17,0.84
15-08-25 13:00,6.44,1.27
15-08-25 14:00,6.44,0
15-08-25 15:00,6.44,0
15-08-25 16:00,6.44,0
15-08-25 17:00,6.44,0
15-08-25 18:00,6.44,0
15-08-25 19:00,6.44,0
15-08-25 20:00,6.44,0
16-08-25 9:00,0,0
16-08-25 10:00,0,0
16-08-25 11:00,0,0
16-08-25 12:00,0,0
16-08-25 13:00,26.18,26.18
16-08-25 14:00,78.92,52.74
16-08-25 15:00,113.92,35
16-08-25 16:00,135.81,21.89
16-08-25 17:00,147.88,12.07
16-08-25 18:00,156.78,8.9
16-08-25 19:00,158.63,1.85
16-08-25 20:00,158.63,0
16-08-25 21:00,158.63,0
16-08-25 22:00,0,0
16-08-25 23:00,0,0
17-08-25 0:00,0,0
17-08-25 1:00,0,0
17-08-25 2:00,0,0
17-08-25 3:00,0,0
17-08-25 4:00,0,0
17-08-25 5:00,0,0
17-08-25 6:00,0.01,0.01
17-08-25 7:00,1.68,1.67
17-08-25 8:00,8.74,7.06
17-08-25 9:00,32.88,24.14
17-08-25 10:00,66.28,33.4
17-08-25 11:00,109.42,43.14
17-08-25 12:00,124.61,15.19
17-08-25 13:00,159.04,34.43
17-08-25 14:00,173.46,14.42
17-08-25 15:00,215.51,42.05
17-08-25 16:00,234.77,19.26
17-08-25 17:00,244.14,9.37
17-08-25 18:00,248.43,4.29
17-08-25 19:00,249.53,1.1
17-08-25 20:00,249.53,0
17-08-25 21:00,249.53,0
17-08-25 22:00,0,0
17-08-25 23:00,0,0
18-08-25 0:00,0,0
18-08-25 1:00,0,0
18-08-25 2:00,0,0
18-08-25 3:00,0,0
18-08-25 4:00,0,0
18-08-25 5:00,0,0
18-08-25 6:00,0.01,0.01
18-08-25 7:00,1.27,1.26
18-08-25 8:00,9.24,7.97
18-08-25 9:00,30.77,21.53
18-08-25 10:00,62.99,32.22
18-08-25 11:00,105.07,42.08
18-08-25 12:00,156.6,51.53
18-08-25 13:00,211.32,54.72
18-08-25 14:00,260.81,49.49
18-08-25 15:00,314.19,53.38
18-08-25 16:00,354.53,40.34
18-08-25 17:00,384.35,29.82
18-08-25 18:00,395.65,11.3
18-08-25 19:00,397.44,1.79
18-08-25 20:00,397.44,0
18-08-25 21:00,397.44,0
18-08-25 22:00,0,0
18-08-25 23:00,0,0
19-08-25 0:00,0,0
19-08-25 0:00,0,0
19-08-25 1:00,0,0
19-08-25 2:00,0,0
19-08-25 3:00,0,0
19-08-25 4:00,0,0
19-08-25 5:00,0,0
19-08-25 6:00,0.02,0.02
19-08-25 7:00,2.1,2.08
19-08-25 8:00,10.36,8.26
19-08-25 9:00,32.11,21.75
19-08-25 10:00,67.39,35.28
19-08-25 11:00,114.56,47.17
19-08-25 12:00,172,57.44
19-08-25 13:00,222.47,50.47
19-08-25 14:00,273.43,50.96
19-08-25 15:00,307.4,33.97
19-08-25 16:00,320.14,12.74
19-08-25 17:00,345.56,25.42
19-08-25 18:00,357.31,11.75
19-08-25 19:00,358.24,0.93
19-08-25 20:00,358.24,0
19-08-25 21:00,358.24,0
19-08-25 22:00,0,0
19-08-25 23:00,0,0
20-08-25 0:00,0,0
20-08-25 1:00,0,0
20-08-25 2:00,0,0
20-08-25 3:00,0,0
20-08-25 4:00,0,0
20-08-25 5:00,0,0
20-08-25 6:00,0.01,0.01
20-08-25 7:00,2.23,2.22
20-08-25 8:00,10.69,8.46
20-08-25 9:00,32.63,21.94
20-08-25 10:00,65.83,33.2
20-08-25 11:00,110.36,44.53
20-08-25 12:00,161.98,51.62
20-08-25 13:00,218.41,56.43
20-08-25 14:00,253.72,35.31
20-08-25 15:00,301.25,47.53
20-08-25 16:00,322.25,21
20-08-25 17:00,351.06,28.81
20-08-25 18:00,363.67,12.61
20-08-25 19:00,365.62,1.95
20-08-25 20:00,365.62,0
20-08-25 21:00,365.62,0
20-08-25 22:00,0,0
20-08-25 23:00,0,0
21-08-25 0:00,0,0
21-08-25 1:00,0,0
21-08-25 2:00,0,0
21-08-25 3:00,0,0
21-08-25 4:00,0,0
21-08-25 5:00,0,0
21-08-25 6:00,0,0
21-08-25 7:00,1.49,1.49
21-08-25 8:00,10.64,9.15
21-08-25 9:00,33.16,22.52
21-08-25 10:00,63.48,30.32
21-08-25 11:00,106.29,42.81
21-08-25 12:00,158.36,52.07
21-08-25 13:00,204.65,46.29
21-08-25 14:00,254.04,49.39
21-08-25 15:00,288.52,34.48
21-08-25 16:00,305.04,16.52
21-08-25 17:00,309.9,4.86
21-08-25 18:00,315.7,5.8
21-08-25 19:00,319.02,3.32
21-08-25 20:00,319.02,0
21-08-25 21:00,319.02,0
21-08-25 22:00,0,0
21-08-25 23:00,0,0
22-08-25 0:00,0,0
22-08-25 1:00,0,0
22-08-25 2:00,0,0
22-08-25 3:00,0,0
22-08-25 4:00,0,0
22-08-25 5:00,0,0
22-08-25 6:00,0,0
22-08-25 7:00,1.2,1.2
22-08-25 8:00,3.53,2.33
22-08-25 9:00,11.47,7.94
22-08-25 10:00,27.7,16.23
22-08-25 11:00,63.98,36.28
22-08-25 12:00,109.97,45.99
22-08-25 13:00,123.13,13.16
22-08-25 14:00,146.01,22.88
22-08-25 15:00,180.53,34.52
22-08-25 16:00,193.89,13.36
22-08-25 17:00,203.18,9.29
22-08-25 18:00,211.27,8.09
22-08-25 19:00,213.04,1.77
22-08-25 20:00,213.04,0
22-08-25 21:00,213.04,0
22-08-25 22:00,0,0
22-08-25 23:00,0,0
23-08-25 5:00,0,0
23-08-25 7:00,3.55,3.55
23-08-25 8:00,13.78,10.23
23-08-25 9:00,31.55,17.77
23-08-25 10:00,61.52,29.97
23-08-25 11:00,89.78,28.26
23-08-25 12:00,96.04,6.26
23-08-25 13:00,130.65,34.61
23-08-25 14:00,170.77,40.12
23-08-25 15:00,198.83,28.06
23-08-25 16:00,219.45,20.62
23-08-25 17:00,225.1,5.65
23-08-25 18:00,227.44,2.34
23-08-25 19:00,228.27,0.83
23-08-25 20:00,228.27,0
23-08-25 21:00,228.27,0
23-08-25 22:00,0,0
23-08-25 23:00,0,0
24-08-25 0:00,0,0
24-08-25 1:00,0,0
24-08-25 2:00,0,0
24-08-25 3:00,0,0
24-08-25 4:00,0,0
24-08-25 5:00,0,0
24-08-25 6:00,0.03,0.03
24-08-25 7:00,1.35,1.32
24-08-25 8:00,7.21,5.86
24-08-25 9:00,26.68,19.47
24-08-25 10:00,62.44,35.76
24-08-25 11:00,103.48,41.04
24-08-25 12:00,138.77,35.29
24-08-25 13:00,154.14,15.37
24-08-25 14:00,154.14,0
24-08-25 15:00,154.14,0
24-08-25 16:00,154.22,0.08
24-08-25 17:00,157.26,3.04
24-08-25 18:00,162.18,4.92
24-08-25 19:00,162.51,0.33
24-08-25 20:00,162.51,0
24-08-25 21:00,162.51,0
24-08-25 22:00,0,0
24-08-25 23:00,0,0
25-08-25 0:00,0,0
25-08-25 1:00,0,0
25-08-25 2:00,0,0
25-08-25 3:00,0,0
25-08-25 4:00,0,0
25-08-25 5:00,0,0
25-08-25 6:00,0,0
25-08-25 7:00,0.16,0.16
25-08-25 8:00,1.62,1.46
25-08-25 9:00,4.25,2.63
25-08-25 13:00,49.08,44.83
25-08-25 14:00,51.85,2.77
25-08-25 15:00,60.29,8.44
25-08-25 16:00,64.67,4.38
25-08-25 17:00,72.55,7.88
25-08-25 18:00,77.8,5.25
25-08-25 19:00,78.68,0.88
25-08-25 20:00,78.68,0
26-08-25 2:00,0,0
26-08-25 3:00,0,0
26-08-25 4:00,0,0
26-08-25 5:00,0,0
26-08-25 6:00,0,0
26-08-25 8:00,6.41,6.41
26-08-25 9:00,16.94,10.53
26-08-25 10:00,35.25,18.31
26-08-25 11:00,59.48,24.23
26-08-25 12:00,103.86,44.38
26-08-25 13:00,158.22,54.36
26-08-25 14:00,204.16,45.94
26-08-25 15:00,216.88,12.72
26-08-25 18:00,220.19,3.31
26-08-25 19:00,220.19,0
26-08-25 21:00,220.19,0
26-08-25 22:00,0,0
26-08-25 23:00,0,0
27-08-25 0:00,0,0
27-08-25 1:00,0,0
27-08-25 2:00,0,0
27-08-25 3:00,0,0
27-08-25 4:00,0,0
27-08-25 5:00,0,0
27-08-25 6:00,0,0
27-08-25 7:00,0.88,0.88
27-08-25 8:00,2.96,2.08
27-08-25 9:00,12.58,9.62
27-08-25 10:00,31.88,19.3
27-08-25 11:00,60.1,28.22
27-08-25 12:00,79.47,19.37
27-08-25 13:00,87.55,8.08
27-08-25 14:00,112.81,25.26
27-08-25 15:00,121.69,8.88
27-08-25 16:00,138.61,16.92
27-08-25 17:00,148.35,9.74
27-08-25 18:00,158,9.65
27-08-25 19:00,159.11,1.11
28-08-25 8:00,5.46,0
28-08-25 9:00,16.04,10.58
28-08-25 13:00,174.23,158.19
28-08-25 14:00,230.8,56.57
28-08-25 15:00,269.51,38.71
28-08-25 16:00,276.24,6.73
28-08-25 17:00,280.44,4.2
28-08-25 19:00,282.96,2.52
28-08-25 20:00,282.96,0
28-08-25 22:00,0,0
28-08-25 23:00,0,0
29-08-25 1:00,0,0
29-08-25 2:00,0,0
29-08-25 3:00,0,0
29-08-25 4:00,0,0
29-08-25 5:00,0,0
29-08-25 6:00,0,0
29-08-25 7:00,1.18,1.18
29-08-25 8:00,4.96,3.78
29-08-25 9:00,12.98,8.02
29-08-25 10:00,21.3,8.32
29-08-25 11:00,28.97,7.67
29-08-25 12:00,45.35,16.38
29-08-25 13:00,69.79,24.44
29-08-25 14:00,94.57,24.78
29-08-25 15:00,102.28,7.71
29-08-25 16:00,106.34,4.06
29-08-25 17:00,113.85,7.51
29-08-25 19:00,134.84,20.99
30-08-25 7:00,1.87,0
30-08-25 8:00,11.66,9.79
30-08-25 9:00,28.71,17.05
30-08-25 10:00,57.3,28.59
30-08-25 11:00,97.39,40.09
30-08-25 12:00,140.5,43.11
30-08-25 13:00,177.97,37.47
30-08-25 14:00,215.69,37.72
30-08-25 15:00,256.52,40.83
30-08-25 16:00,285.26,28.74
30-08-25 17:00,305.18,19.92
30-08-25 18:00,314.99,9.81
30-08-25 19:00,315.53,0.54
31-08-25 8:00,0.8,0
31-08-25 9:00,0.8,0
31-08-25 10:00,0.8,0
31-08-25 11:00,0.8,0
31-08-25 12:00,0.8,0
31-08-25 13:00,0.8,0
31-08-25 14:00,0.8,0
31-08-25 15:00,0.8,0
31-08-25 16:00,0.8,0
31-08-25 17:00,0.8,0
31-08-25 18:00,0.8,0
31-08-25 19:00,0.8,0
01-09-25 7:00,0.25,0
01-09-25 8:00,2.17,1.92
01-09-25 9:00,5.93,3.76
01-09-25 10:00,21.13,15.2
01-09-25 11:00,34.34,13.21
01-09-25 14:00,125.24,90.9
01-09-25 15:00,125.84,0.6
01-09-25 17:00,130.46,4.62
01-09-25 18:00,130.49,0.03
01-09-25 19:00,130.5,0.01
01-09-25 20:00,130.5,0
01-09-25 21:00,130.5,0
01-09-25 22:00,0,0
01-09-25 23:00,0,0
02-09-25 0:00,0,0
02-09-25 1:00,0,0
02-09-25 2:00,0,0
02-09-25 3:00,0,0
02-09-25 4:00,0,0
02-09-25 5:00,0,0
02-09-25 6:00,0,0
02-09-25 7:00,1.37,1.37
02-09-25 8:00,7.04,5.67
02-09-25 9:00,28.2,21.16
02-09-25 10:00,45.44,17.24
02-09-25 11:00,60.44,15
02-09-25 12:00,79.83,19.39
02-09-25 13:00,98.65,18.82
02-09-25 14:00,119.07,20.42
02-09-25 15:00,129.2,10.13
02-09-25 16:00,136.4,7.2
02-09-25 17:00,144.01,7.61
02-09-25 18:00,147.2,3.19
02-09-25 19:00,147.62,0.42
02-09-25 20:00,147.62,0
02-09-25 21:00,147.62,0
02-09-25 22:00,0,0
02-09-25 23:00,0,0
03-09-25 0:00,0,0
03-09-25 1:00,0,0
03-09-25 2:00,0,0
03-09-25 3:00,0,0
03-09-25 4:00,0,0
03-09-25 5:00,0,0
03-09-25 6:00,0,0
03-09-25 7:00,0.53,0.53
03-09-25 8:00,7.38,6.85
03-09-25 9:00,27.56,20.18
03-09-25 10:00,53.44,25.88
03-09-25 11:00,82.66,29.22
03-09-25 12:00,99.48,16.82
03-09-25 13:00,100.54,1.06
03-09-25 14:00,102.67,2.13
03-09-25 15:00,107.02,4.35
03-09-25 16:00,108.95,1.93
03-09-25 17:00,110.53,1.58
04-09-25 8:00,13.07,0
04-09-25 9:00,31.82,18.75
04-09-25 10:00,70.24,38.42
04-09-25 11:00,122.45,52.21
04-09-25 12:00,175.12,52.67
04-09-25 13:00,231.12,56
04-09-25 14:00,282.21,51.09
04-09-25 15:00,322.12,39.91
04-09-25 16:00,360.05,37.93
04-09-25 17:00,376.81,16.76
05-09-25 7:00,1.5,0
05-09-25 8:00,8.46,6.96
05-09-25 9:00,23.91,15.45
05-09-25 10:00,48.38,24.47
05-09-25 11:00,81.44,33.06
05-09-25 12:00,85.95,4.51
05-09-25 13:00,139.57,53.62
05-09-25 14:00,183.19,43.62
05-09-25 15:00,227.87,44.68
05-09-25 16:00,240.49,12.62
06-09-25 0:00,0,0
06-09-25 1:00,0,0
06-09-25 2:00,0,0
06-09-25 3:00,0,0
06-09-25 4:00,0,0
06-09-25 5:00,0,0
06-09-25 6:00,0,0
06-09-25 7:00,0.66,0.66
06-09-25 8:00,0.66,0
06-09-25 9:00,1.53,0.87
06-09-25 10:00,3.58,2.05
06-09-25 11:00,5.22,1.64
06-09-25 12:00,8.64,3.42
06-09-25 13:00,10.41,1.77
06-09-25 14:00,11.63,1.22
06-09-25 15:00,16.13,4.5
06-09-25 16:00,20.2,4.07
06-09-25 17:00,22.07,1.87
06-09-25 18:00,23.39,1.32
06-09-25 19:00,23.39,0
07-09-25 6:00,0,0
07-09-25 7:00,0,0
07-09-25 8:00,0,0
07-09-25 9:00,0,0
07-09-25 10:00,0,0
07-09-25 11:00,0,0
07-09-25 12:00,0,0
07-09-25 13:00,0,0
07-09-25 14:00,0,0
07-09-25 15:00,0,0
07-09-25 16:00,0,0
07-09-25 17:00,0,0
07-09-25 18:00,0,0
07-09-25 19:00,0,0
07-09-25 23:00,0,0
08-09-25 0:00,0,0
08-09-25 1:00,0,0
08-09-25 2:00,0,0
08-09-25 3:00,0,0
08-09-25 4:00,0,0
08-09-25 5:00,0,0
08-09-25 6:00,0,0
08-09-25 7:00,0.38,0.38
08-09-25 8:00,6.82,6.44
08-09-25 9:00,27.16,20.34
08-09-25 10:00,57.36,30.2
08-09-25 11:00,108.16,50.8
08-09-25 12:00,162.23,54.07
08-09-25 13:00,223.84,61.61
08-09-25 14:00,251.27,27.43
08-09-25 15:00,306.73,55.46
08-09-25 16:00,349.62,42.89
08-09-25 17:00,377.98,28.36
08-09-25 18:00,389.12,11.14
08-09-25 19:00,389.23,0.11
09-09-25 7:00,1.36,0
09-09-25 8:00,9.45,8.09
09-09-25 9:00,30.68,21.23
09-09-25 10:00,41.32,10.64
09-09-25 11:00,44.23,2.91
09-09-25 12:00,48.75,4.52
09-09-25 13:00,71.43,22.68
09-09-25 14:00,128.49,57.06
09-09-25 15:00,169.24,40.75
09-09-25 16:00,202.44,33.2
09-09-25 17:00,227.78,25.34
09-09-25 18:00,229.24,1.46
09-09-25 19:00,230.33,1.09
09-09-25 21:00,230.52,0.19
09-09-25 22:00,0,0
09-09-25 23:00,0,0
10-09-25 0:00,0,0
10-09-25 1:00,0,0
10-09-25 2:00,0,0
10-09-25 3:00,0,0
10-09-25 4:00,0,0
10-09-25 5:00,0,0
10-09-25 6:00,0,0
10-09-25 7:00,1.38,1.38
10-09-25 8:00,8.94,7.56
10-09-25 9:00,31.63,22.69
10-09-25 10:00,69.6,37.97
10-09-25 11:00,112.38,42.78
10-09-25 12:00,161.48,49.1
10-09-25 13:00,204.63,43.15
10-09-25 14:00,272.9,68.27
10-09-25 15:00,322.98,50.08
10-09-25 16:00,361.46,38.48
10-09-25 17:00,361.6,0.14
10-09-25 18:00,368.29,6.69
11-09-25 7:00,1.43,0
11-09-25 8:00,9.75,8.32
11-09-25 9:00,32.89,23.14
11-09-25 10:00,71.63,38.74
11-09-25 11:00,82.91,11.28
11-09-25 12:00,175.08,92.17
11-09-25 13:00,205.07,29.99
11-09-25 14:00,235.58,30.51
11-09-25 15:00,295.1,59.52
11-09-25 16:00,303.29,8.19
11-09-25 17:00,306.6,3.31
11-09-25 22:00,0,0
11-09-25 23:00,0,0
12-09-25 0:00,0,0
12-09-25 1:00,0,0
12-09-25 2:00,0,0
12-09-25 3:00,0,0
12-09-25 4:00,0,0
12-09-25 5:00,0,0
12-09-25 6:00,0,0
12-09-25 7:00,0.21,0.21
12-09-25 8:00,0.21,0
12-09-25 9:00,15.02,14.81
12-09-25 10:00,39,23.98
12-09-25 11:00,72.43,33.43
12-09-25 12:00,128.85,56.42
12-09-25 13:00,187.99,59.14
12-09-25 14:00,223.76,35.77
12-09-25 15:00,267.41,43.65
12-09-25 16:00,296.06,28.65
12-09-25 17:00,312.26,16.2
12-09-25 18:00,318.91,6.65
12-09-25 19:00,320.15,1.24
12-09-25 20:00,320.15,0
12-09-25 21:00,320.15,0
12-09-25 22:00,0,0
12-09-25 23:00,0,0
13-09-25 0:00,0,0
13-09-25 1:00,0,0
13-09-25 2:00,0,0
13-09-25 3:00,0,0
13-09-25 4:00,0,0
13-09-25 5:00,0,0
13-09-25 6:00,0,0
13-09-25 7:00,1.49,1.49
13-09-25 8:00,9.09,7.6
13-09-25 9:00,31.8,22.71
13-09-25 10:00,59.92,28.12
13-09-25 12:00,174.65,114.73
13-09-25 13:00,216.55,41.9
13-09-25 14:00,236.93,20.38
13-09-25 15:00,245.44,8.51
13-09-25 16:00,249.53,4.09
13-09-25 17:00,261.59,12.06
13-09-25 18:00,267.12,5.53
13-09-25 19:00,268.68,1.56
13-09-25 20:00,268.68,0
13-09-25 21:00,268.68,0
13-09-25 22:00,0,0
13-09-25 23:00,0,0
14-09-25 0:00,0,0
14-09-25 1:00,0,0
14-09-25 2:00,0,0
14-09-25 3:00,0,0
14-09-25 4:00,0,0
14-09-25 5:00,0,0
14-09-25 6:00,0,0
14-09-25 7:00,1.77,1.77
14-09-25 8:00,10.11,8.34
14-09-25 9:00,13.23,3.12
14-09-25 10:00,13.23,0
14-09-25 11:00,13.23,0
14-09-25 12:00,13.23,0
14-09-25 13:00,13.23,0
14-09-25 14:00,13.23,0
14-09-25 15:00,42.11,28.88
14-09-25 16:00,82.43,40.32
14-09-25 17:00,102.64,20.21
15-09-25 7:00,0,0
15-09-25 8:00,0,0
15-09-25 9:00,2.92,2.92
15-09-25 10:00,15.9,12.98
15-09-25 11:00,63.93,48.03
15-09-25 12:00,76.47,12.54
15-09-25 13:00,177.45,100.98
15-09-25 14:00,219.75,42.3
15-09-25 15:00,254.17,34.42
15-09-25 16:00,275.87,21.7
15-09-25 17:00,290.18,14.31
27-09-25 7:00,0.47,0
27-09-25 10:00,64.9,64.43
27-09-25 11:00,111.51,46.61
27-09-25 12:00,166.02,54.51
27-09-25 13:00,216.22,50.2
27-09-25 14:00,268.87,52.65
27-09-25 15:00,313.82,44.95
27-09-25 16:00,344.8,30.98
27-09-25 17:00,359.63,14.83
27-09-25 18:00,362.27,2.64
28-09-25 7:00,1.15,0
28-09-25 8:00,4.48,3.33
28-09-25 10:00,68.17,63.69
28-09-25 11:00,117.53,49.36
28-09-25 12:00,168.16,50.63
28-09-25 13:00,218.26,50.1
28-09-25 14:00,262.93,44.67
28-09-25 15:00,288.7,25.77
28-09-25 16:00,325.05,36.35
28-09-25 17:00,344.93,19.88
28-09-25 18:00,348.65,3.72
28-09-25 19:00,349.43,0.78
29-09-25 7:00,0.93,0
29-09-25 8:00,7.97,7.04
29-09-25 9:00,29.45,21.48
29-09-25 10:00,66.48,37.03
29-09-25 11:00,110.87,44.39
29-09-25 12:00,161.36,50.49
29-09-25 13:00,171.59,10.23
30-09-25 7:00,0.01,0
30-09-25 12:00,84.81,84.8
30-09-25 14:00,117.86,33.05
30-09-25 16:00,126.83,8.97
30-09-25 17:00,127.15,0.32
30-09-25 19:00,129.13,1.98
30-09-25 20:00,129.13,0
30-09-25 21:00,129.13,0
30-09-25 22:00,0,0
30-09-25 23:00,0,0
01-10-25 0:00,0,0
01-10-25 1:00,0,0
01-10-25 2:00,0,0
01-10-25 3:00,0,0
01-10-25 4:00,0,0
01-10-25 5:00,0,0
01-10-25 6:00,0,0
01-10-25 7:00,0.94,0.94
01-10-25 8:00,5.43,4.49
01-10-25 9:00,14.05,8.62
01-10-25 10:00,36.03,21.98
01-10-25 11:00,60.84,24.81
01-10-25 13:00,139.02,78.18
01-10-25 14:00,220.65,81.63
01-10-25 15:00,263.94,43.29
01-10-25 16:00,278.4,14.46
01-10-25 17:00,295.86,17.46
01-10-25 18:00,298.45,2.59
01-10-25 20:00,300.16,1.71
01-10-25 21:00,300.16,0
02-10-25 7:00,0.82,0
02-10-25 8:00,9.33,8.51
02-10-25 9:00,28.91,19.58
02-10-25 10:00,60.41,31.5
02-10-25 11:00,103.94,43.53
02-10-25 12:00,155.37,51.43
02-10-25 13:00,209.98,54.61
02-10-25 14:00,262.94,52.96
02-10-25 15:00,308.67,45.73
02-10-25 16:00,313.07,4.4
02-10-25 17:00,346.08,33.01
02-10-25 19:00,354.59,8.51
03-10-25 7:00,1.06,0
04-10-25 7:00,0.88,0
04-10-25 8:00,7.98,7.1
04-10-25 9:00,28.19,20.21
04-10-25 10:00,60.36,32.17
04-10-25 11:00,96.95,36.59
04-10-25 12:00,148.02,51.07
04-10-25 13:00,204.31,56.29
04-10-25 14:00,258.59,54.28
04-10-25 15:00,305.55,46.96
04-10-25 16:00,339.6,34.05
04-10-25 17:00,356.73,17.13
04-10-25 18:00,358.11,1.38
05-10-25 7:00,0.87,0
05-10-25 8:00,1.53,0.66
05-10-25 9:00,21.8,20.27
05-10-25 10:00,57.41,35.61
05-10-25 11:00,83.03,25.62
05-10-25 12:00,136.34,53.31
05-10-25 13:00,182.35,46.01
05-10-25 14:00,236.46,54.11
05-10-25 15:00,265.19,28.73
05-10-25 17:00,320.34,55.15
05-10-25 18:00,323.26,2.92
05-10-25 19:00,323.26,0
05-10-25 20:00,323.26,0
06-10-25 7:00,1.09,0
06-10-25 8:00,4.32,3.23
06-10-25 9:00,11.85,7.53
06-10-25 10:00,24.33,12.48
06-10-25 11:00,41.88,17.55
06-10-25 12:00,55.27,13.39
06-10-25 13:00,59.04,3.77
06-10-25 14:00,59.95,0.91
06-10-25 15:00,66.57,6.62
06-10-25 16:00,72.1,5.53
06-10-25 17:00,75.76,3.66
06-10-25 18:00,77.58,1.82
06-10-25 19:00,77.58,0
06-10-25 20:00,77.58,0
06-10-25 21:00,77.58,0
06-10-25 22:00,0,0
06-10-25 23:00,0,0
07-10-25 0:00,0,0
07-10-25 1:00,0,0
07-10-25 2:00,0,0
07-10-25 3:00,0,0
07-10-25 4:00,0,0
07-10-25 5:00,0,0
07-10-25 6:00,0,0
07-10-25 7:00,0.29,0.29
07-10-25 8:00,5.97,5.68
07-10-25 9:00,28.54,22.57
07-10-25 10:00,69.49,40.95
07-10-25 11:00,122.14,52.65
07-10-25 12:00,175.81,53.67
07-10-25 14:00,281.42,105.61
07-10-25 15:00,326.22,44.8
07-10-25 16:00,343.78,17.56
08-10-25 7:00,0.21,0
08-10-25 8:00,2.73,2.52
08-10-25 9:00,13.9,11.17
08-10-25 10:00,26.2,12.3
08-10-25 11:00,54.59,28.39
08-10-25 12:00,75.92,21.33
08-10-25 17:00,228.84,152.92
09-10-25 7:00,0.43,0
09-10-25 8:00,3.71,3.28
09-10-25 9:00,26.61,22.9
09-10-25 10:00,65.64,39.03
09-10-25 11:00,78.36,12.72
09-10-25 12:00,106.25,27.89
09-10-25 13:00,154.97,48.72
09-10-25 14:00,179.15,24.18
09-10-25 19:00,283.48,104.33
09-10-25 20:00,283.48,0
09-10-25 21:00,283.48,0
09-10-25 22:00,0,0
09-10-25 23:00,0,0
10-10-25 0:00,0,0
