Timestamp,Energy (kWh)
2025-04-01 05:30:00,0.0
2025-04-01 06:30:00,0.0
2025-04-01 07:30:00,24.509893797278266
2025-04-01 08:30:00,43.37547211432385
2025-04-01 09:30:00,57.234939212774485
2025-04-01 10:30:00,66.57486643793223
2025-04-01 11:30:00,70.14304635260102
2025-04-01 12:30:00,69.6536672311392
2025-04-01 13:30:00,64.31937619443421
2025-04-01 14:30:00,54.25540593172559
2025-04-01 15:30:00,39.62714238458414
2025-04-01 16:30:00,21.728614287825987
2025-04-01 17:30:00,4.928451128069164
2025-04-01 18:30:00,0.0
2025-04-01 19:30:00,0.0
2025-04-01 20:30:00,0.0
2025-04-01 21:30:00,0.0
2025-04-01 22:30:00,0.0
2025-04-01 23:30:00,0.0
2025-04-02 00:30:00,0.0
2025-04-02 01:30:00,0.0
2025-04-02 02:30:00,0.0
2025-04-02 03:30:00,0.0
2025-04-02 04:30:00,0.0
2025-04-02 05:30:00,0.0
2025-04-02 06:30:00,0.0
2025-04-02 07:30:00,23.59021320004282
2025-04-02 08:30:00,42.11170482032012
2025-04-02 09:30:00,55.594468875257014
2025-04-02 10:30:00,64.71915647920953
2025-04-02 11:30:00,69.07234214416538
2025-04-02 12:30:00,68.59254694161031
2025-04-02 13:30:00,63.2053559768508
2025-04-02 14:30:00,53.08824682104621
2025-04-02 15:30:00,38.40066246818707
2025-04-02 16:30:00,20.67621726027055
2025-04-02 17:30:00,4.696983922460133
2025-04-02 18:30:00,0.0
2025-04-02 19:30:00,0.0
2025-04-02 20:30:00,0.0
2025-04-02 21:30:00,0.0
2025-04-02 22:30:00,0.0
2025-04-02 23:30:00,0.0
2025-04-03 00:30:00,0.0
2025-04-03 01:30:00,0.0
2025-04-03 02:30:00,0.0
2025-04-03 03:30:00,0.0
2025-04-03 04:30:00,0.0
2025-04-03 05:30:00,0.0
2025-04-03 06:30:00,0.0
2025-04-03 07:30:00,19.914219368639582
2025-04-03 08:30:00,36.97604694859572
2025-04-03 09:30:00,49.93665703790277
2025-04-03 10:30:00,58.84533238979364
2025-04-03 11:30:00,67.16388349379365
2025-04-03 12:30:00,66.34401853347933
2025-04-03 13:30:00,59.67996916823841
2025-04-03 14:30:00,47.91063716529996
2025-04-03 15:30:00,34.635271367994555
2025-04-03 16:30:00,17.363229911898728
2025-04-03 17:30:00,3.8500721221388607
2025-04-03 18:30:00,0.0
2025-04-03 19:30:00,0.0
2025-04-03 20:30:00,0.0
2025-04-03 21:30:00,0.0
2025-04-03 22:30:00,0.0
2025-04-03 23:30:00,0.0
2025-04-04 00:30:00,0.0
2025-04-04 01:30:00,0.0
2025-04-04 02:30:00,0.0
2025-04-04 03:30:00,0.0
2025-04-04 04:30:00,0.0
2025-04-04 05:30:00,0.0
2025-04-04 06:30:00,0.0
2025-04-04 07:30:00,20.19257679872874
2025-04-04 08:30:00,37.238090909318686
2025-04-04 09:30:00,50.465270897830415
2025-04-04 10:30:00,59.76323539860707
2025-04-04 11:30:00,65.16806405362671
2025-04-04 12:30:00,65.15870757008125
2025-04-04 13:30:00,60.070494935823795
2025-04-04 14:30:00,50.48854742603883
2025-04-04 15:30:00,36.58786562971433
2025-04-04 16:30:00,19.88358908735188
2025-04-04 17:30:00,4.816720600961
2025-04-04 18:30:00,0.0
2025-04-04 19:30:00,0.0
2025-04-04 20:30:00,0.0
2025-04-04 21:30:00,0.0
2025-04-04 22:30:00,0.0
2025-04-04 23:30:00,0.0
2025-04-05 00:30:00,0.0
2025-04-05 01:30:00,0.0
2025-04-05 02:30:00,0.0
2025-04-05 03:30:00,0.0
2025-04-05 04:30:00,0.0
2025-04-05 05:30:00,0.0
2025-04-05 06:30:00,0.0
2025-04-05 07:30:00,23.98921336731924
2025-04-05 08:30:00,42.00182220715068
2025-04-05 09:30:00,55.619116452733
2025-04-05 10:30:00,64.75180003608776
2025-04-05 11:30:00,68.73967130531297
2025-04-05 12:30:00,68.3165143823389
2025-04-05 13:30:00,63.206608663701196
2025-04-05 14:30:00,53.39237909233784
2025-04-05 15:30:00,39.092673133545745
2025-04-05 16:30:00,21.610461275693872
2025-04-05 17:30:00,5.140632439123628
2025-04-05 18:30:00,0.0
2025-04-05 19:30:00,0.0
2025-04-05 20:30:00,0.0
2025-04-05 21:30:00,0.0
2025-04-05 22:30:00,0.0
2025-04-05 23:30:00,0.0
2025-04-06 00:30:00,0.0
2025-04-06 01:30:00,0.0
2025-04-06 02:30:00,0.0
2025-04-06 03:30:00,0.0
2025-04-06 04:30:00,0.0
2025-04-06 05:30:00,0.0
2025-04-06 06:30:00,0.0
2025-04-06 07:30:00,23.660772741759843
2025-04-06 08:30:00,41.32050663203292
2025-04-06 09:30:00,54.428422813541246
2025-04-06 10:30:00,63.126833216099584
2025-04-06 11:30:00,65.95601640821722
2025-04-06 12:30:00,65.50516703589216
2025-04-06 13:30:00,60.16854578005211
2025-04-06 14:30:00,48.87836495931987
2025-04-06 15:30:00,36.9071573842775
2025-04-06 16:30:00,20.058772267068957
2025-04-06 17:30:00,4.752664625695947
2025-04-06 18:30:00,0.0
2025-04-06 19:30:00,0.0
2025-04-06 20:30:00,0.0
2025-04-06 21:30:00,0.0
2025-04-06 22:30:00,0.0
2025-04-06 23:30:00,0.0
2025-04-07 00:30:00,0.0
2025-04-07 01:30:00,0.0
2025-04-07 02:30:00,0.0
2025-04-07 03:30:00,0.0
2025-04-07 04:30:00,0.0
2025-04-07 05:30:00,0.0
2025-04-07 06:30:00,0.37026361403498237
2025-04-07 07:30:00,22.177390326562428
2025-04-07 08:30:00,39.16047083872015
2025-04-07 09:30:00,52.646037167087535
2025-04-07 10:30:00,61.494055210548815
2025-04-07 11:30:00,65.01504601553168
2025-04-07 12:30:00,64.50513799908279
2025-04-07 13:30:00,59.34109466630126
2025-04-07 14:30:00,49.70981412559373
2025-04-07 15:30:00,35.349143633084125
2025-04-07 16:30:00,18.84911418564668
2025-04-07 17:30:00,4.50923180523358
2025-04-07 18:30:00,0.0
2025-04-07 19:30:00,0.0
2025-04-07 20:30:00,0.0
2025-04-07 21:30:00,0.0
2025-04-07 22:30:00,0.0
2025-04-07 23:30:00,0.0
2025-04-08 00:30:00,0.0
2025-04-08 01:30:00,0.0
2025-04-08 02:30:00,0.0
2025-04-08 03:30:00,0.0
2025-04-08 04:30:00,0.0
2025-04-08 05:30:00,0.0
2025-04-08 06:30:00,0.7513094613966484
2025-04-08 07:30:00,22.540440485990707
2025-04-08 08:30:00,39.42843084100213
2025-04-08 09:30:00,52.289082766463906
2025-04-08 10:30:00,60.81848165245562
2025-04-08 11:30:00,62.291611595037175
2025-04-08 12:30:00,61.788864660445675
2025-04-08 13:30:00,56.56085164733619
2025-04-08 14:30:00,46.837586773177804
2025-04-08 15:30:00,33.190981481206414
2025-04-08 16:30:00,17.46418843601458
2025-04-08 17:30:00,4.426723775142464
2025-04-08 18:30:00,0.0
2025-04-08 19:30:00,0.0
2025-04-08 20:30:00,0.0
2025-04-08 21:30:00,0.0
2025-04-08 22:30:00,0.0
2025-04-08 23:30:00,0.0
2025-04-09 00:30:00,0.0
2025-04-09 01:30:00,0.0
2025-04-09 02:30:00,0.0
2025-04-09 03:30:00,0.0
2025-04-09 04:30:00,0.0
2025-04-09 05:30:00,0.0
2025-04-09 06:30:00,1.0267749297289004
2025-04-09 07:30:00,20.852496373327515
2025-04-09 08:30:00,37.237265676521154
2025-04-09 09:30:00,50.25568276422911
2025-04-09 10:30:00,58.99813545600742
2025-04-09 11:30:00,60.60742788137541
2025-04-09 12:30:00,60.40243700150356
2025-04-09 13:30:00,55.511868586778846
2025-04-09 14:30:00,45.88358827779534
2025-04-09 15:30:00,32.41744139164624
2025-04-09 16:30:00,17.04008848304312
2025-04-09 17:30:00,4.375611021151364
2025-04-09 18:30:00,0.0
2025-04-09 19:30:00,0.0
2025-04-09 20:30:00,0.0
2025-04-09 21:30:00,0.0
2025-04-09 22:30:00,0.0
2025-04-09 23:30:00,0.0
2025-04-10 00:30:00,0.0
2025-04-10 01:30:00,0.0
2025-04-10 02:30:00,0.0
2025-04-10 03:30:00,0.0
2025-04-10 04:30:00,0.0
2025-04-10 05:30:00,0.0
2025-04-10 06:30:00,0.9571960449970047
2025-04-10 07:30:00,17.41024819741378
2025-04-10 08:30:00,31.41689158803016
2025-04-10 09:30:00,46.08733079683736
2025-04-10 10:30:00,53.89815296452707
2025-04-10 11:30:00,57.50452452437686
2025-04-10 12:30:00,50.63150074131392
2025-04-10 13:30:00,42.54374064806697
2025-04-10 14:30:00,40.31826463584543
2025-04-10 15:30:00,24.10647191018183
2025-04-10 16:30:00,12.915122182604927
2025-04-10 17:30:00,3.360472997009976
2025-04-10 18:30:00,0.0
2025-04-10 19:30:00,0.0
2025-04-10 20:30:00,0.0
2025-04-10 21:30:00,0.0
2025-04-10 22:30:00,0.0
2025-04-10 23:30:00,0.0
2025-04-11 00:30:00,0.0
2025-04-11 01:30:00,0.0
2025-04-11 02:30:00,0.0
2025-04-11 03:30:00,0.0
2025-04-11 04:30:00,0.0
2025-04-11 05:30:00,0.0
2025-04-11 06:30:00,1.5087967332347654
2025-04-11 07:30:00,17.5497920460652
2025-04-11 08:30:00,33.16765998588909
2025-04-11 09:30:00,45.6617576054401
2025-04-11 10:30:00,58.04551231987791
2025-04-11 11:30:00,61.78447035677141
2025-04-11 12:30:00,61.06397522001791
2025-04-11 13:30:00,55.53290027735143
2025-04-11 14:30:00,45.65724078416437
2025-04-11 15:30:00,21.90106808141072
2025-04-11 16:30:00,10.25784247298382
2025-04-11 17:30:00,2.54374013008675
2025-04-11 18:30:00,0.0
2025-04-11 19:30:00,0.0
2025-04-11 20:30:00,0.0
2025-04-11 21:30:00,0.0
2025-04-11 22:30:00,0.0
2025-04-11 23:30:00,0.0
2025-04-12 00:30:00,0.0
2025-04-12 01:30:00,0.0
2025-04-12 02:30:00,0.0
2025-04-12 03:30:00,0.0
2025-04-12 04:30:00,0.0
2025-04-12 05:30:00,0.0
2025-04-12 06:30:00,1.9937526543832582
2025-04-12 07:30:00,20.92875985546481
2025-04-12 08:30:00,37.34987523283992
2025-04-12 09:30:00,50.870758556731346
2025-04-12 10:30:00,59.94708061718134
2025-04-12 11:30:00,64.08353565443696
2025-04-12 12:30:00,63.140776836251696
2025-04-12 13:30:00,57.24261913165092
2025-04-12 14:30:00,48.07251288061124
2025-04-12 15:30:00,33.653504256045196
2025-04-12 16:30:00,17.634561363427675
2025-04-12 17:30:00,4.596279824655504
2025-04-12 18:30:00,0.0
2025-04-12 19:30:00,0.0
2025-04-12 20:30:00,0.0
2025-04-12 21:30:00,0.0
2025-04-12 22:30:00,0.0
2025-04-12 23:30:00,0.0
2025-04-13 00:30:00,0.0
2025-04-13 01:30:00,0.0
2025-04-13 02:30:00,0.0
2025-04-13 03:30:00,0.0
2025-04-13 04:30:00,0.0
2025-04-13 05:30:00,0.0
2025-04-13 06:30:00,2.3551132820165375
2025-04-13 07:30:00,23.181461118727636
2025-04-13 08:30:00,40.135377557837714
2025-04-13 09:30:00,53.586500191945056
2025-04-13 10:30:00,62.521148684518934
2025-04-13 11:30:00,65.28215276192503
2025-04-13 12:30:00,58.30011809996924
2025-04-13 13:30:00,51.132974834449726
2025-04-13 14:30:00,44.509528879406055
2025-04-13 15:30:00,34.32137693147965
2025-04-13 16:30:00,19.096137493967863
2025-04-13 17:30:00,5.1205608958911055
2025-04-13 18:30:00,0.0
2025-04-13 19:30:00,0.0
2025-04-13 20:30:00,0.0
2025-04-13 21:30:00,0.0
2025-04-13 22:30:00,0.0
2025-04-13 23:30:00,0.0
2025-04-14 00:30:00,0.0
2025-04-14 01:30:00,0.0
2025-04-14 02:30:00,0.0
2025-04-14 03:30:00,0.0
2025-04-14 04:30:00,0.0
2025-04-14 05:30:00,0.0
2025-04-14 06:30:00,2.759305898871574
2025-04-14 07:30:00,23.884948722606463
2025-04-14 08:30:00,40.93509848162842
2025-04-14 09:30:00,54.202743967640075
2025-04-14 10:30:00,62.93268802646762
2025-04-14 11:30:00,64.97766133073023
2025-04-14 12:30:00,64.13430569241667
2025-04-14 13:30:00,58.875660630917004
2025-04-14 14:30:00,48.9561874431741
2025-04-14 15:30:00,35.064315235338896
2025-04-14 16:30:00,18.93473774615645
2025-04-14 17:30:00,5.29357425376855
2025-04-14 18:30:00,0.0
2025-04-14 19:30:00,0.0
2025-04-14 20:30:00,0.0
2025-04-14 21:30:00,0.0
2025-04-14 22:30:00,0.0
2025-04-14 23:30:00,0.0
2025-04-15 00:30:00,0.0
2025-04-15 01:30:00,0.0
2025-04-15 02:30:00,0.0
2025-04-15 03:30:00,0.0
2025-04-15 04:30:00,0.0
2025-04-15 05:30:00,0.0
2025-04-15 06:30:00,2.767978164517651
2025-04-15 07:30:00,21.718400439352816
2025-04-15 08:30:00,37.78077505767296
2025-04-15 09:30:00,51.69739959778101
2025-04-15 10:30:00,61.39487042587916
2025-04-15 11:30:00,61.448448187565184
2025-04-15 12:30:00,60.83303113817197
2025-04-15 13:30:00,55.371302502849176
2025-04-15 14:30:00,45.47636752924559
2025-04-15 15:30:00,31.867136419117006
2025-04-15 16:30:00,16.85551009065286
2025-04-15 17:30:00,4.829484176883307
2025-04-15 18:30:00,0.0
2025-04-15 19:30:00,0.0
2025-04-15 20:30:00,0.0
2025-04-15 21:30:00,0.0
2025-04-15 22:30:00,0.0
2025-04-15 23:30:00,0.0
2025-04-16 00:30:00,0.0
2025-04-16 01:30:00,0.0
2025-04-16 02:30:00,0.0
2025-04-16 03:30:00,0.0
2025-04-16 04:30:00,0.0
2025-04-16 05:30:00,0.0
2025-04-16 06:30:00,2.7404963431534157
2025-04-16 07:30:00,20.30693793214735
2025-04-16 08:30:00,34.88265217244544
2025-04-16 09:30:00,45.49211692906678
2025-04-16 10:30:00,56.7256524890083
2025-04-16 11:30:00,59.16138084111927
2025-04-16 12:30:00,58.45173258779692
2025-04-16 13:30:00,53.18658633987005
2025-04-16 14:30:00,43.659088033877836
2025-04-16 15:30:00,30.45058903728288
2025-04-16 16:30:00,17.808662458952302
2025-04-16 17:30:00,4.748014437784475
2025-04-16 18:30:00,0.0
2025-04-16 19:30:00,0.0
2025-04-16 20:30:00,0.0
2025-04-16 21:30:00,0.0
2025-04-16 22:30:00,0.0
2025-04-16 23:30:00,0.0
2025-04-17 00:30:00,0.0
2025-04-17 01:30:00,0.0
2025-04-17 02:30:00,0.0
2025-04-17 03:30:00,0.0
2025-04-17 04:30:00,0.0
2025-04-17 05:30:00,0.0
2025-04-17 06:30:00,2.728426955892175
2025-04-17 07:30:00,16.368856086856198
2025-04-17 08:30:00,33.06608172231368
2025-04-17 09:30:00,45.154867798360634
2025-04-17 10:30:00,55.689620926186514
2025-04-17 11:30:00,61.737966991744734
2025-04-17 12:30:00,62.10354127692573
2025-04-17 13:30:00,57.63489176354724
2025-04-17 14:30:00,48.36871722698172
2025-04-17 15:30:00,35.106229498398164
2025-04-17 16:30:00,19.294632345225406
2025-04-17 17:30:00,5.666253259245423
2025-04-17 18:30:00,0.0
2025-04-17 19:30:00,0.0
2025-04-17 20:30:00,0.0
2025-04-17 21:30:00,0.0
2025-04-17 22:30:00,0.0
2025-04-17 23:30:00,0.0
2025-04-18 00:30:00,0.0
2025-04-18 01:30:00,0.0
2025-04-18 02:30:00,0.0
2025-04-18 03:30:00,0.0
2025-04-18 04:30:00,0.0
2025-04-18 05:30:00,0.0
2025-04-18 06:30:00,3.553707964496907
2025-04-18 07:30:00,22.526035427520515
2025-04-18 08:30:00,38.50977641602847
2025-04-18 09:30:00,50.72628778373607
2025-04-18 10:30:00,59.04715003486597
2025-04-18 11:30:00,61.50208409214016
2025-04-18 12:30:00,60.9145235391775
2025-04-18 13:30:00,54.36379600266979
2025-04-18 14:30:00,44.39888866950622
2025-04-18 15:30:00,31.399363596776737
2025-04-18 16:30:00,16.87531873378256
2025-04-18 17:30:00,4.847869198005668
2025-04-18 18:30:00,0.0
2025-04-18 19:30:00,0.0
2025-04-18 20:30:00,0.0
2025-04-18 21:30:00,0.0
2025-04-18 22:30:00,0.0
2025-04-18 23:30:00,0.0
2025-04-19 00:30:00,0.0
2025-04-19 01:30:00,0.0
2025-04-19 02:30:00,0.0
2025-04-19 03:30:00,0.0
2025-04-19 04:30:00,0.0
2025-04-19 05:30:00,0.0
2025-04-19 06:30:00,3.0991752897986027
2025-04-19 07:30:00,16.30517004152068
2025-04-19 08:30:00,34.065182371735204
2025-04-19 09:30:00,45.434530261379706
2025-04-19 10:30:00,58.56436377308226
2025-04-19 11:30:00,59.26384510700353
2025-04-19 12:30:00,59.19940974348847
2025-04-19 13:30:00,54.771352890140165
2025-04-19 14:30:00,45.8463994879397
2025-04-19 15:30:00,33.12795608723306
2025-04-19 16:30:00,18.273604652009702
2025-04-19 17:30:00,5.341596674934256
2025-04-19 18:30:00,0.0
2025-04-19 19:30:00,0.0
2025-04-19 20:30:00,0.0
2025-04-19 21:30:00,0.0
2025-04-19 22:30:00,0.0
2025-04-19 23:30:00,0.0
2025-04-20 00:30:00,0.0
2025-04-20 01:30:00,0.0
2025-04-20 02:30:00,0.0
2025-04-20 03:30:00,0.0
2025-04-20 04:30:00,0.0
2025-04-20 05:30:00,0.0
2025-04-20 06:30:00,3.735383906298303
2025-04-20 07:30:00,20.145385435681263
2025-04-20 08:30:00,33.90768010628219
2025-04-20 09:30:00,45.546698997469335
2025-04-20 10:30:00,55.17790917970796
2025-04-20 11:30:00,63.181837454179174
2025-04-20 12:30:00,61.22679806817215
2025-04-20 13:30:00,51.946309931813666
2025-04-20 14:30:00,42.63478510536086
2025-04-20 15:30:00,32.21403327865874
2025-04-20 16:30:00,16.896545132947217
2025-04-20 17:30:00,5.049917959889972
2025-04-20 18:30:00,0.0
2025-04-20 19:30:00,0.0
2025-04-20 20:30:00,0.0
2025-04-20 21:30:00,0.0
2025-04-20 22:30:00,0.0
2025-04-20 23:30:00,0.0
2025-04-21 00:30:00,0.0
2025-04-21 01:30:00,0.0
2025-04-21 02:30:00,0.0
2025-04-21 03:30:00,0.0
2025-04-21 04:30:00,0.0
2025-04-21 05:30:00,0.0
2025-04-21 06:30:00,3.909942778804886
2025-04-21 07:30:00,19.59336716738378
2025-04-21 08:30:00,35.9539978551755
2025-04-21 09:30:00,47.545404239356955
2025-04-21 10:30:00,61.95447500322318
2025-04-21 11:30:00,62.6454968270741
2025-04-21 12:30:00,54.464774559748854
2025-04-21 13:30:00,50.0125778330431
2025-04-21 14:30:00,45.91508630751244
2025-04-21 15:30:00,33.341344252666744
2025-04-21 16:30:00,18.666720787754855
2025-04-21 17:30:00,5.740668783818153
2025-04-21 18:30:00,0.0
2025-04-21 19:30:00,0.0
2025-04-21 20:30:00,0.0
2025-04-21 21:30:00,0.0
2025-04-21 22:30:00,0.0
2025-04-21 23:30:00,0.0
2025-04-22 00:30:00,0.0
2025-04-22 01:30:00,0.0
2025-04-22 02:30:00,0.0
2025-04-22 03:30:00,0.0
2025-04-22 04:30:00,0.0
2025-04-22 05:30:00,0.0
2025-04-22 06:30:00,5.095449908803841
2025-04-22 07:30:00,26.18313942522841
2025-04-22 08:30:00,43.272414164213465
2025-04-22 09:30:00,55.51652162700343
2025-04-22 10:30:00,63.806628180712075
2025-04-22 11:30:00,67.75423601100138
2025-04-22 12:30:00,67.02378471964178
2025-04-22 13:30:00,61.79775848199148
2025-04-22 14:30:00,52.194074204915125
2025-04-22 15:30:00,38.54931803159643
2025-04-22 16:30:00,21.99449859194053
2025-04-22 17:30:00,6.779056511146984
2025-04-22 18:30:00,0.0
2025-04-22 19:30:00,0.0
2025-04-22 20:30:00,0.0
2025-04-22 21:30:00,0.0
2025-04-22 22:30:00,0.0
2025-04-22 23:30:00,0.0
2025-04-23 00:30:00,0.0
2025-04-23 01:30:00,0.0
2025-04-23 02:30:00,0.0
2025-04-23 03:30:00,0.0
2025-04-23 04:30:00,0.0
2025-04-23 05:30:00,0.0
2025-04-23 06:30:00,5.319392776693963
2025-04-23 07:30:00,26.813023418080867
2025-04-23 08:30:00,43.33583148583372
2025-04-23 09:30:00,55.77960715306051
2025-04-23 10:30:00,64.04126523381643
2025-04-23 11:30:00,66.93679378951201
2025-04-23 12:30:00,66.15180110742996
2025-04-23 13:30:00,60.86550649196096
2025-04-23 14:30:00,51.211951183717446
2025-04-23 15:30:00,37.54506521793668
2025-04-23 16:30:00,21.204227450416223
2025-04-23 17:30:00,6.559023885256817
2025-04-23 18:30:00,0.0
2025-04-23 19:30:00,0.0
2025-04-23 20:30:00,0.0
2025-04-23 21:30:00,0.0
2025-04-23 22:30:00,0.0
2025-04-23 23:30:00,0.0
2025-04-24 00:30:00,0.0
2025-04-24 01:30:00,0.0
2025-04-24 02:30:00,0.0
2025-04-24 03:30:00,0.0
2025-04-24 04:30:00,0.0
2025-04-24 05:30:00,0.0
2025-04-24 06:30:00,5.639782411204406
2025-04-24 07:30:00,26.99570750401122
2025-04-24 08:30:00,43.79380243757275
2025-04-24 09:30:00,56.07147444892226
2025-04-24 10:30:00,64.19252417712161
2025-04-24 11:30:00,68.32131682889514
2025-04-24 12:30:00,67.38490321232499
2025-04-24 13:30:00,62.12053348207963
2025-04-24 14:30:00,52.552522383384286
2025-04-24 15:30:00,38.855640240005556
2025-04-24 16:30:00,22.196801249891358
2025-04-24 17:30:00,6.780700055884666
2025-04-24 18:30:00,0.0
2025-04-24 19:30:00,0.0
2025-04-24 20:30:00,0.0
2025-04-24 21:30:00,0.0
2025-04-24 22:30:00,0.0
2025-04-24 23:30:00,0.0
2025-04-25 00:30:00,0.0
2025-04-25 01:30:00,0.0
2025-04-25 02:30:00,0.0
2025-04-25 03:30:00,0.0
2025-04-25 04:30:00,0.0
2025-04-25 05:30:00,0.0
2025-04-25 06:30:00,5.392949095070709
2025-04-25 07:30:00,24.924338700081062
2025-04-25 08:30:00,40.898819074294465
2025-04-25 09:30:00,53.45194154497539
2025-04-25 10:30:00,61.94541189681915
2025-04-25 11:30:00,65.21034266434928
2025-04-25 12:30:00,65.09809327828702
2025-04-25 13:30:00,59.781672553848004
2025-04-25 14:30:00,50.21095092377825
2025-04-25 15:30:00,36.680505652507044
2025-04-25 16:30:00,20.361815315082918
2025-04-25 17:30:00,6.223530294575835
2025-04-25 18:30:00,0.0
2025-04-25 19:30:00,0.0
2025-04-25 20:30:00,0.0
2025-04-25 21:30:00,0.0
2025-04-25 22:30:00,0.0
2025-04-25 23:30:00,0.0
2025-04-26 00:30:00,0.0
2025-04-26 01:30:00,0.0
2025-04-26 02:30:00,0.0
2025-04-26 03:30:00,0.0
2025-04-26 04:30:00,0.0
2025-04-26 05:30:00,0.0
2025-04-26 06:30:00,5.158651802976721
2025-04-26 07:30:00,21.340709862104177
2025-04-26 08:30:00,37.388169861835266
2025-04-26 09:30:00,49.11185240571418
2025-04-26 10:30:00,60.24719995242248
2025-04-26 11:30:00,57.50152672941361
2025-04-26 12:30:00,56.10176120639347
2025-04-26 13:30:00,44.151376077241906
2025-04-26 14:30:00,37.3092845367973
2025-04-26 15:30:00,22.16982777043267
2025-04-26 16:30:00,12.251876687637631
2025-04-26 17:30:00,3.7228728148566024
2025-04-26 18:30:00,0.0
2025-04-26 19:30:00,0.0
2025-04-26 20:30:00,0.0
2025-04-26 21:30:00,0.0
2025-04-26 22:30:00,0.0
2025-04-26 23:30:00,0.0
2025-04-27 00:30:00,0.0
2025-04-27 01:30:00,0.0
2025-04-27 02:30:00,0.0
2025-04-27 03:30:00,0.0
2025-04-27 04:30:00,0.0
2025-04-27 05:30:00,0.0
2025-04-27 06:30:00,4.305844986159061
2025-04-27 07:30:00,18.174713979391843
2025-04-27 08:30:00,32.782068232544354
2025-04-27 09:30:00,46.09630592869565
2025-04-27 10:30:00,59.37814800207081
2025-04-27 11:30:00,61.2515432393199
2025-04-27 12:30:00,60.540959684914206
2025-04-27 13:30:00,54.98138225351268
2025-04-27 14:30:00,45.16085913135715
2025-04-27 15:30:00,32.02337726359661
2025-04-27 16:30:00,17.548884135565764
2025-04-27 17:30:00,4.8126512704588285
2025-04-27 18:30:00,0.0
2025-04-27 19:30:00,0.0
2025-04-27 20:30:00,0.0
2025-04-27 21:30:00,0.0
2025-04-27 22:30:00,0.0
2025-04-27 23:30:00,0.0
2025-04-28 00:30:00,0.0
2025-04-28 01:30:00,0.0
2025-04-28 02:30:00,0.0
2025-04-28 03:30:00,0.0
2025-04-28 04:30:00,0.0
2025-04-28 05:30:00,0.0
2025-04-28 06:30:00,4.432264438128218
2025-04-28 07:30:00,17.83725212506115
2025-04-28 08:30:00,34.35163562762749
2025-04-28 09:30:00,46.18965292200721
2025-04-28 10:30:00,56.55619847006222
2025-04-28 11:30:00,59.15481376334118
2025-04-28 12:30:00,59.892802686025696
2025-04-28 13:30:00,55.732392354333804
2025-04-28 14:30:00,46.21838985140587
2025-04-28 15:30:00,33.092402288933314
2025-04-28 16:30:00,18.20473600222985
2025-04-28 17:30:00,5.234254263588865
2025-04-28 18:30:00,0.0
2025-04-28 19:30:00,0.0
2025-04-28 20:30:00,0.0
2025-04-28 21:30:00,0.0
2025-04-28 22:30:00,0.0
2025-04-28 23:30:00,0.0
2025-04-29 00:30:00,0.0
2025-04-29 01:30:00,0.0
2025-04-29 02:30:00,0.0
2025-04-29 03:30:00,0.0
2025-04-29 04:30:00,0.0
2025-04-29 05:30:00,0.0
2025-04-29 06:30:00,5.4514182844192245
2025-04-29 07:30:00,22.640516415807248
2025-04-29 08:30:00,36.935727622483405
2025-04-29 09:30:00,50.48102909397953
2025-04-29 10:30:00,59.1210758430886
2025-04-29 11:30:00,62.23986779875091
2025-04-29 12:30:00,61.39862864477402
2025-04-29 13:30:00,55.703280106626266
2025-04-29 14:30:00,45.83301377130597
2025-04-29 15:30:00,32.48999274919982
2025-04-29 16:30:00,17.605706502495874
2025-04-29 17:30:00,5.310653222145446
2025-04-29 18:30:00,0.0
2025-04-29 19:30:00,0.0
2025-04-29 20:30:00,0.0
2025-04-29 21:30:00,0.0
2025-04-29 22:30:00,0.0
2025-04-29 23:30:00,0.0
2025-04-30 00:30:00,0.0
2025-04-30 01:30:00,0.0
2025-04-30 02:30:00,0.0
2025-04-30 03:30:00,0.0
2025-04-30 04:30:00,0.0
2025-04-30 05:30:00,0.0
2025-04-30 06:30:00,5.404608985331193
2025-04-30 07:30:00,22.349425892073256
2025-04-30 08:30:00,37.0980364332172
2025-04-30 09:30:00,50.32923257564617
2025-04-30 10:30:00,58.49350206741811
2025-04-30 11:30:00,59.94810705265347
2025-04-30 12:30:00,59.0871974358121
2025-04-30 13:30:00,53.45323543294277
2025-04-30 14:30:00,43.614887375325026
2025-04-30 15:30:00,30.572495205086746
2025-04-30 16:30:00,16.337628203166002
2025-04-30 17:30:00,4.92832371180136
2025-04-30 18:30:00,0.0
2025-04-30 19:30:00,0.0
2025-04-30 20:30:00,0.0
2025-04-30 21:30:00,0.0
2025-04-30 22:30:00,0.0
2025-04-30 23:30:00,0.0
2025-05-01 00:30:00,0.0
2025-05-01 01:30:00,0.0
2025-05-01 02:30:00,0.0
2025-05-01 03:30:00,0.0
2025-05-01 04:30:00,0.0
2025-05-01 05:30:00,0.0
2025-05-01 06:30:00,4.893316222672939
2025-05-01 07:30:00,20.50775102046464
2025-05-01 08:30:00,31.841992617185845
2025-05-01 09:30:00,47.15645398955076
2025-05-01 10:30:00,54.99581604783453
2025-05-01 11:30:00,57.512062084875595
2025-05-01 12:30:00,56.3374742736534
2025-05-01 13:30:00,50.793531718921976
2025-05-01 14:30:00,41.50457863522318
2025-05-01 15:30:00,29.062500621918375
2025-05-01 16:30:00,16.144509985918017
2025-05-01 17:30:00,4.608137323205951
2025-05-01 18:30:00,0.0
2025-05-01 19:30:00,0.0
2025-05-01 20:30:00,0.0
2025-05-01 21:30:00,0.0
2025-05-01 22:30:00,0.0
2025-05-01 23:30:00,0.0
2025-05-02 00:30:00,0.0
2025-05-02 01:30:00,0.0
2025-05-02 02:30:00,0.0
2025-05-02 03:30:00,0.0
2025-05-02 04:30:00,0.0
2025-05-02 05:30:00,0.0
2025-05-02 06:30:00,0.9673354354261389
2025-05-02 07:30:00,3.3866137757324917
2025-05-02 08:30:00,6.1904885486071795
2025-05-02 09:30:00,19.275829466195095
2025-05-02 10:30:00,15.267987165052622
2025-05-02 11:30:00,25.64909390948159
2025-05-02 12:30:00,36.87252160033485
2025-05-02 13:30:00,52.17040368496942
2025-05-02 14:30:00,43.33112344273946
2025-05-02 15:30:00,28.20222086167706
2025-05-02 16:30:00,15.540246970113293
2025-05-02 17:30:00,5.208828935517397
2025-05-02 18:30:00,0.0
2025-05-02 19:30:00,0.0
2025-05-02 20:30:00,0.0
2025-05-02 21:30:00,0.0
2025-05-02 22:30:00,0.0
2025-05-02 23:30:00,0.0
2025-05-03 00:30:00,0.0
2025-05-03 01:30:00,0.0
2025-05-03 02:30:00,0.0
2025-05-03 03:30:00,0.0
2025-05-03 04:30:00,0.0
2025-05-03 05:30:00,0.0
2025-05-03 06:30:00,3.9496332330704584
2025-05-03 07:30:00,12.578144977609357
2025-05-03 08:30:00,20.53965906699289
2025-05-03 09:30:00,32.478741065158204
2025-05-03 10:30:00,40.27100684615802
2025-05-03 11:30:00,55.29013986680122
2025-05-03 12:30:00,59.15988271330184
2025-05-03 13:30:00,55.65458940317782
2025-05-03 14:30:00,46.42459488454947
2025-05-03 15:30:00,33.178471951359384
2025-05-03 16:30:00,18.50247734731274
2025-05-03 17:30:00,5.171437339335129
2025-05-03 18:30:00,0.0
2025-05-03 19:30:00,0.0
2025-05-03 20:30:00,0.0
2025-05-03 21:30:00,0.0
2025-05-03 22:30:00,0.0
2025-05-03 23:30:00,0.0
2025-05-04 00:30:00,0.0
2025-05-04 01:30:00,0.0
2025-05-04 02:30:00,0.0
2025-05-04 03:30:00,0.0
2025-05-04 04:30:00,0.0
2025-05-04 05:30:00,0.0
2025-05-04 06:30:00,4.8346101362849
2025-05-04 07:30:00,18.067317816699028
2025-05-04 08:30:00,26.133150160093436
2025-05-04 09:30:00,34.88931924352488
2025-05-04 10:30:00,44.217044841289066
2025-05-04 11:30:00,45.07888052931992
2025-05-04 12:30:00,49.08360194730913
2025-05-04 13:30:00,42.547435329557615
2025-05-04 14:30:00,41.4247937358736
2025-05-04 15:30:00,29.538369958151158
2025-05-04 16:30:00,16.92547934408636
2025-05-04 17:30:00,5.256702962445612
2025-05-04 18:30:00,0.0
2025-05-04 19:30:00,0.0
2025-05-04 20:30:00,0.0
2025-05-04 21:30:00,0.0
2025-05-04 22:30:00,0.0
2025-05-04 23:30:00,0.0
2025-05-05 00:30:00,0.0
2025-05-05 01:30:00,0.0
2025-05-05 02:30:00,0.0
2025-05-05 03:30:00,0.0
2025-05-05 04:30:00,0.0
2025-05-05 05:30:00,0.0
2025-05-05 06:30:00,5.9814645835999825
2025-05-05 07:30:00,21.08685415369428
2025-05-05 08:30:00,34.671742588894105
2025-05-05 09:30:00,39.1984953246113
2025-05-05 10:30:00,46.30569240197633
2025-05-05 11:30:00,37.690363776346004
2025-05-05 12:30:00,29.029125587558738
2025-05-05 13:30:00,32.238504260966934
2025-05-05 14:30:00,22.007922832469216
2025-05-05 15:30:00,16.184098982834062
2025-05-05 16:30:00,10.97030796035614
2025-05-05 17:30:00,4.139314229184937
2025-05-05 18:30:00,0.0
2025-05-05 19:30:00,0.0
2025-05-05 20:30:00,0.0
2025-05-05 21:30:00,0.0
2025-05-05 22:30:00,0.0
2025-05-05 23:30:00,0.0
2025-05-06 00:30:00,0.0
2025-05-06 01:30:00,0.0
2025-05-06 02:30:00,0.0
2025-05-06 03:30:00,0.0
2025-05-06 04:30:00,0.0
2025-05-06 05:30:00,0.0
2025-05-06 06:30:00,5.3966961290415
2025-05-06 07:30:00,19.845906687766387
2025-05-06 08:30:00,32.90912374615794
2025-05-06 09:30:00,45.231632700611826
2025-05-06 10:30:00,52.35079952874763
2025-05-06 11:30:00,62.29894957868824
2025-05-06 12:30:00,62.39621753626133
2025-05-06 13:30:00,54.352516319740765
2025-05-06 14:30:00,43.27779949859571
2025-05-06 15:30:00,32.96773895782962
2025-05-06 16:30:00,19.48459813913022
2025-05-06 17:30:00,6.254738282335271
2025-05-06 18:30:00,0.0
2025-05-06 19:30:00,0.0
2025-05-06 20:30:00,0.0
2025-05-06 21:30:00,0.0
2025-05-06 22:30:00,0.0
2025-05-06 23:30:00,0.0
2025-05-07 00:30:00,0.0
2025-05-07 01:30:00,0.0
2025-05-07 02:30:00,0.0
2025-05-07 03:30:00,0.0
2025-05-07 04:30:00,0.0
2025-05-07 05:30:00,0.0
2025-05-07 06:30:00,5.433398369074221
2025-05-07 07:30:00,19.110915573114116
2025-05-07 08:30:00,33.58005145699609
2025-05-07 09:30:00,46.1421150639384
2025-05-07 10:30:00,55.647027814943606
2025-05-07 11:30:00,52.16810101537791
2025-05-07 12:30:00,44.31140078699351
2025-05-07 13:30:00,33.91197459242553
2025-05-07 14:30:00,28.995552264043937
2025-05-07 15:30:00,19.881209217127378
2025-05-07 16:30:00,12.280785025598846
2025-05-07 17:30:00,4.536704373263523
2025-05-07 18:30:00,0.0
2025-05-07 19:30:00,0.0
2025-05-07 20:30:00,0.0
2025-05-07 21:30:00,0.0
2025-05-07 22:30:00,0.0
2025-05-07 23:30:00,0.0
2025-05-08 00:30:00,0.0
2025-05-08 01:30:00,0.0
2025-05-08 02:30:00,0.0
2025-05-08 03:30:00,0.0
2025-05-08 04:30:00,0.0
2025-05-08 05:30:00,0.0
2025-05-08 06:30:00,5.647734558076701
2025-05-08 07:30:00,19.373766649198075
2025-05-08 08:30:00,34.9642714919706
2025-05-08 09:30:00,44.94840137306864
2025-05-08 10:30:00,56.03824987725958
2025-05-08 11:30:00,54.72653841719642
2025-05-08 12:30:00,50.61714679186317
2025-05-08 13:30:00,43.39245072983506
2025-05-08 14:30:00,34.435613752840965
2025-05-08 15:30:00,24.946340244796573
2025-05-08 16:30:00,14.73127897665828
2025-05-08 17:30:00,4.504004295195445
2025-05-08 18:30:00,0.0
2025-05-08 19:30:00,0.0
2025-05-08 20:30:00,0.0
2025-05-08 21:30:00,0.0
2025-05-08 22:30:00,0.0
2025-05-08 23:30:00,0.0
2025-05-09 00:30:00,0.0
2025-05-09 01:30:00,0.0
2025-05-09 02:30:00,0.0
2025-05-09 03:30:00,0.0
2025-05-09 04:30:00,0.0
2025-05-09 05:30:00,0.0
2025-05-09 06:30:00,5.396536988374872
2025-05-09 07:30:00,20.154386192992636
2025-05-09 08:30:00,33.59538184387768
2025-05-09 09:30:00,35.166515599684516
2025-05-09 10:30:00,50.68871899264589
2025-05-09 11:30:00,58.00774141408264
2025-05-09 12:30:00,58.38903000870201
2025-05-09 13:30:00,52.807934826700745
2025-05-09 14:30:00,39.55748012841641
2025-05-09 15:30:00,28.8727824227866
2025-05-09 16:30:00,17.000910592744635
2025-05-09 17:30:00,5.3544618182341415
2025-05-09 18:30:00,0.0
2025-05-09 19:30:00,0.0
2025-05-09 20:30:00,0.0
2025-05-09 21:30:00,0.0
2025-05-09 22:30:00,0.0
2025-05-09 23:30:00,0.0
2025-05-10 00:30:00,0.0
2025-05-10 01:30:00,0.0
2025-05-10 02:30:00,0.0
2025-05-10 03:30:00,0.0
2025-05-10 04:30:00,0.0
2025-05-10 05:30:00,0.0
2025-05-10 06:30:00,5.093077212309123
2025-05-10 07:30:00,19.500561061646504
2025-05-10 08:30:00,31.348164752724074
2025-05-10 09:30:00,46.32777236309862
2025-05-10 10:30:00,50.06847608095338
2025-05-10 11:30:00,41.897362665015585
2025-05-10 12:30:00,41.58822431378194
2025-05-10 13:30:00,33.63843328041151
2025-05-10 14:30:00,17.280945674528198
2025-05-10 15:30:00,14.136546176393509
2025-05-10 16:30:00,9.015069845078292
2025-05-10 17:30:00,3.137450649819867
2025-05-10 18:30:00,0.0
2025-05-10 19:30:00,0.0
2025-05-10 20:30:00,0.0
2025-05-10 21:30:00,0.0
2025-05-10 22:30:00,0.0
2025-05-10 23:30:00,0.0
2025-05-11 00:30:00,0.0
2025-05-11 01:30:00,0.0
2025-05-11 02:30:00,0.0
2025-05-11 03:30:00,0.0
2025-05-11 04:30:00,0.0
2025-05-11 05:30:00,0.0
2025-05-11 06:30:00,6.076133137804876
2025-05-11 07:30:00,21.887616795533777
2025-05-11 08:30:00,35.25271441332816
2025-05-11 09:30:00,46.77322454502165
2025-05-11 10:30:00,54.653129643202135
2025-05-11 11:30:00,60.81724463366718
2025-05-11 12:30:00,60.126480766804775
2025-05-11 13:30:00,54.303486566432575
2025-05-11 14:30:00,44.71393646237648
2025-05-11 15:30:00,32.069944439701494
2025-05-11 16:30:00,17.89185654007075
2025-05-11 17:30:00,5.842476902226805
2025-05-11 18:30:00,0.0
2025-05-11 19:30:00,0.0
2025-05-11 20:30:00,0.0
2025-05-11 21:30:00,0.0
2025-05-11 22:30:00,0.0
2025-05-11 23:30:00,0.0
2025-05-12 00:30:00,0.0
2025-05-12 01:30:00,0.0
2025-05-12 02:30:00,0.0
2025-05-12 03:30:00,0.0
2025-05-12 04:30:00,0.0
2025-05-12 05:30:00,0.0
2025-05-12 06:30:00,6.534445096037973
2025-05-12 07:30:00,22.69548700326681
2025-05-12 08:30:00,37.17096722044425
2025-05-12 09:30:00,47.19080269865224
2025-05-12 10:30:00,55.797192319336126
2025-05-12 11:30:00,63.66665092993641
2025-05-12 12:30:00,62.49717972357118
2025-05-12 13:30:00,57.77148484345362
2025-05-12 14:30:00,47.96569288630352
2025-05-12 15:30:00,34.8826965240884
2025-05-12 16:30:00,19.904232039599528
2025-05-12 17:30:00,6.492232304865181
2025-05-12 18:30:00,0.0
2025-05-12 19:30:00,0.0
2025-05-12 20:30:00,0.0
2025-05-12 21:30:00,0.0
2025-05-12 22:30:00,0.0
2025-05-12 23:30:00,0.0
2025-05-13 00:30:00,0.0
2025-05-13 01:30:00,0.0
2025-05-13 02:30:00,0.0
2025-05-13 03:30:00,0.0
2025-05-13 04:30:00,0.0
2025-05-13 05:30:00,0.0
2025-05-13 06:30:00,6.503458800221463
2025-05-13 07:30:00,21.08440908013772
2025-05-13 08:30:00,34.20416832750634
2025-05-13 09:30:00,48.20590557704988
2025-05-13 10:30:00,55.41124864229949
2025-05-13 11:30:00,62.32202994151304
2025-05-13 12:30:00,60.925379454156015
2025-05-13 13:30:00,55.1077185560945
2025-05-13 14:30:00,41.19062923764269
2025-05-13 15:30:00,18.35258115745959
2025-05-13 16:30:00,10.175809246717435
2025-05-13 17:30:00,3.612839568840963
2025-05-13 18:30:00,0.0
2025-05-13 19:30:00,0.0
2025-05-13 20:30:00,0.0
2025-05-13 21:30:00,0.0
2025-05-13 22:30:00,0.0
2025-05-13 23:30:00,0.0
2025-05-14 00:30:00,0.0
2025-05-14 01:30:00,0.0
2025-05-14 02:30:00,0.0
2025-05-14 03:30:00,0.0
2025-05-14 04:30:00,0.0
2025-05-14 05:30:00,0.0
2025-05-14 06:30:00,7.114200958362989
2025-05-14 07:30:00,23.57201949257702
2025-05-14 08:30:00,37.90734866700755
2025-05-14 09:30:00,49.54887610147134
2025-05-14 10:30:00,57.50049268835204
2025-05-14 11:30:00,62.38938997572175
2025-05-14 12:30:00,61.921992641723854
2025-05-14 13:30:00,57.122110315572776
2025-05-14 14:30:00,47.785812221963724
2025-05-14 15:30:00,35.08556605413187
2025-05-14 16:30:00,20.29833766929768
2025-05-14 17:30:00,6.890657856789018
2025-05-14 18:30:00,0.0
2025-05-14 19:30:00,0.0
2025-05-14 20:30:00,0.0
2025-05-14 21:30:00,0.0
2025-05-14 22:30:00,0.0
2025-05-14 23:30:00,0.0
2025-05-15 00:30:00,0.0
2025-05-15 01:30:00,0.0
2025-05-15 02:30:00,0.0
2025-05-15 03:30:00,0.0
2025-05-15 04:30:00,0.0
2025-05-15 05:30:00,0.0
2025-05-15 06:30:00,7.321554549740656
2025-05-15 07:30:00,23.402473341781562
2025-05-15 08:30:00,37.193137534837476
2025-05-15 09:30:00,48.054044062975045
2025-05-15 10:30:00,57.41261712406313
2025-05-15 11:30:00,61.62247202764142
2025-05-15 12:30:00,61.52260904943146
2025-05-15 13:30:00,56.35460756406531
2025-05-15 14:30:00,47.13849324899766
2025-05-15 15:30:00,34.51405375108736
2025-05-15 16:30:00,19.96136489227913
2025-05-15 17:30:00,7.120432496709329
2025-05-15 18:30:00,0.0
2025-05-15 19:30:00,0.0
2025-05-15 20:30:00,0.0
2025-05-15 21:30:00,0.0
2025-05-15 22:30:00,0.0
2025-05-15 23:30:00,0.0
2025-05-16 00:30:00,0.0
2025-05-16 01:30:00,0.0
2025-05-16 02:30:00,0.0
2025-05-16 03:30:00,0.0
2025-05-16 04:30:00,0.0
2025-05-16 05:30:00,0.0
2025-05-16 06:30:00,7.394086507675439
2025-05-16 07:30:00,25.42245360117479
2025-05-16 08:30:00,40.804087664831926
2025-05-16 09:30:00,52.715472288888144
2025-05-16 10:30:00,59.954178816772924
2025-05-16 11:30:00,62.004760059365964
2025-05-16 12:30:00,61.27875836268921
2025-05-16 13:30:00,54.43790405237362
2025-05-16 14:30:00,40.616837985280064
2025-05-16 15:30:00,26.339667256220448
2025-05-16 16:30:00,15.275437601105025
2025-05-16 17:30:00,5.785401853251639
2025-05-16 18:30:00,0.0
2025-05-16 19:30:00,0.0
2025-05-16 20:30:00,0.0
2025-05-16 21:30:00,0.0
2025-05-16 22:30:00,0.0
2025-05-16 23:30:00,0.0
2025-05-17 00:30:00,0.0
2025-05-17 01:30:00,0.0
2025-05-17 02:30:00,0.0
2025-05-17 03:30:00,0.0
2025-05-17 04:30:00,0.0
2025-05-17 05:30:00,0.0
2025-05-17 06:30:00,5.764723003466126
2025-05-17 07:30:00,18.745454653521747
2025-05-17 08:30:00,31.242582140842718
2025-05-17 09:30:00,48.65379420988896
2025-05-17 10:30:00,59.6421611863874
2025-05-17 11:30:00,62.292064195114854
2025-05-17 12:30:00,60.943983771509686
2025-05-17 13:30:00,47.87781617449782
2025-05-17 14:30:00,30.95014334659696
2025-05-17 15:30:00,25.35053641479981
2025-05-17 16:30:00,14.810248583338629
2025-05-17 17:30:00,5.5265406325949336
2025-05-17 18:30:00,0.0
2025-05-17 19:30:00,0.0
2025-05-17 20:30:00,0.0
2025-05-17 21:30:00,0.0
2025-05-17 22:30:00,0.0
2025-05-17 23:30:00,0.0
2025-05-18 00:30:00,0.0
2025-05-18 01:30:00,0.0
2025-05-18 02:30:00,0.0
2025-05-18 03:30:00,0.0
2025-05-18 04:30:00,0.0
2025-05-18 05:30:00,0.0
2025-05-18 06:30:00,6.994439844245696
2025-05-18 07:30:00,24.594475955287344
2025-05-18 08:30:00,39.248289453282034
2025-05-18 09:30:00,50.59772221396791
2025-05-18 10:30:00,58.039425992030644
2025-05-18 11:30:00,61.71338015238666
2025-05-18 12:30:00,59.565829604881316
2025-05-18 13:30:00,55.61933786755707
2025-05-18 14:30:00,46.96891121065574
2025-05-18 15:30:00,34.49277569013336
2025-05-18 16:30:00,19.98406126374608
2025-05-18 17:30:00,6.7789814812325995
2025-05-18 18:30:00,0.0
2025-05-18 19:30:00,0.0
2025-05-18 20:30:00,0.0
2025-05-18 21:30:00,0.0
2025-05-18 22:30:00,0.0
2025-05-18 23:30:00,0.0
2025-05-19 00:30:00,0.0
2025-05-19 01:30:00,0.0
2025-05-19 02:30:00,0.0
2025-05-19 03:30:00,0.0
2025-05-19 04:30:00,0.0
2025-05-19 05:30:00,0.0
2025-05-19 06:30:00,6.102166757635389
2025-05-19 07:30:00,22.311760509292778
2025-05-19 08:30:00,34.64813676365455
2025-05-19 09:30:00,46.4071357842715
2025-05-19 10:30:00,53.103466993889676
2025-05-19 11:30:00,57.81494338105563
2025-05-19 12:30:00,56.92638702126731
2025-05-19 13:30:00,51.85641975007693
2025-05-19 14:30:00,42.97987422979764
2025-05-19 15:30:00,31.63948321676163
2025-05-19 16:30:00,18.588792939583715
2025-05-19 17:30:00,6.2602707392707435
2025-05-19 18:30:00,0.0
2025-05-19 19:30:00,0.0
2025-05-19 20:30:00,0.0
2025-05-19 21:30:00,0.0
2025-05-19 22:30:00,0.0
2025-05-19 23:30:00,0.0
2025-05-20 00:30:00,0.0
2025-05-20 01:30:00,0.0
2025-05-20 02:30:00,0.0
2025-05-20 03:30:00,0.0
2025-05-20 04:30:00,0.0
2025-05-20 05:30:00,0.0
2025-05-20 06:30:00,5.567805744987539
2025-05-20 07:30:00,22.80789983105061
2025-05-20 08:30:00,35.54441186494403
2025-05-20 09:30:00,46.96765222486399
2025-05-20 10:30:00,51.3024727281536
2025-05-20 11:30:00,57.683800489641094
2025-05-20 12:30:00,58.91486212442723
2025-05-20 13:30:00,54.79963859514014
2025-05-20 14:30:00,45.959733953117066
2025-05-20 15:30:00,33.84697159017284
2025-05-20 16:30:00,19.97840371165248
2025-05-20 17:30:00,7.000017555513358
2025-05-20 18:30:00,0.0
2025-05-20 19:30:00,0.0
2025-05-20 20:30:00,0.0
2025-05-20 21:30:00,0.0
2025-05-20 22:30:00,0.0
2025-05-20 23:30:00,0.0
2025-05-21 00:30:00,0.0
2025-05-21 01:30:00,0.0
2025-05-21 02:30:00,0.0
2025-05-21 03:30:00,0.0
2025-05-21 04:30:00,0.0
2025-05-21 05:30:00,0.0
2025-05-21 06:30:00,6.531132070984615
2025-05-21 07:30:00,23.49005048302295
2025-05-21 08:30:00,36.82573615944282
2025-05-21 09:30:00,47.42306453334866
2025-05-21 10:30:00,57.01535251835975
2025-05-21 11:30:00,59.58300976601494
2025-05-21 12:30:00,59.33269867100858
2025-05-21 13:30:00,54.38962287902792
2025-05-21 14:30:00,45.64441799303108
2025-05-21 15:30:00,33.56165263304724
2025-05-21 16:30:00,18.980683493743285
2025-05-21 17:30:00,6.825367549185788
2025-05-21 18:30:00,0.0
2025-05-21 19:30:00,0.0
2025-05-21 20:30:00,0.0
2025-05-21 21:30:00,0.0
2025-05-21 22:30:00,0.0
2025-05-21 23:30:00,0.0
2025-05-22 00:30:00,0.0
2025-05-22 01:30:00,0.0
2025-05-22 02:30:00,0.0
2025-05-22 03:30:00,0.0
2025-05-22 04:30:00,0.0
2025-05-22 05:30:00,0.0
2025-05-22 06:30:00,7.703294204864996
2025-05-22 07:30:00,24.126644940558528
2025-05-22 08:30:00,36.668187891812615
2025-05-22 09:30:00,46.90700197487738
2025-05-22 10:30:00,58.36922333099824
2025-05-22 11:30:00,59.62899890039726
2025-05-22 12:30:00,58.29495953821737
2025-05-22 13:30:00,54.71722671625775
2025-05-22 14:30:00,45.396986922426834
2025-05-22 15:30:00,33.00308588570041
2025-05-22 16:30:00,19.040654394106735
2025-05-22 17:30:00,6.909106955169303
2025-05-22 18:30:00,0.0
2025-05-22 19:30:00,0.0
2025-05-22 20:30:00,0.0
2025-05-22 21:30:00,0.0
2025-05-22 22:30:00,0.0
2025-05-22 23:30:00,0.0
2025-05-23 00:30:00,0.0
2025-05-23 01:30:00,0.0
2025-05-23 02:30:00,0.0
2025-05-23 03:30:00,0.0
2025-05-23 04:30:00,0.0
2025-05-23 05:30:00,0.0
2025-05-23 06:30:00,7.698569707655653
2025-05-23 07:30:00,24.202882660191012
2025-05-23 08:30:00,37.245277035498184
2025-05-23 09:30:00,49.21288904276282
2025-05-23 10:30:00,57.34747410770528
2025-05-23 11:30:00,58.97659729043261
2025-05-23 12:30:00,58.8428905741855
2025-05-23 13:30:00,53.81542169896336
2025-05-23 14:30:00,44.85100708993952
2025-05-23 15:30:00,32.6854429222693
2025-05-23 16:30:00,18.953115875832864
2025-05-23 17:30:00,6.9596374226424365
2025-05-23 18:30:00,0.0
2025-05-23 19:30:00,0.0
2025-05-23 20:30:00,0.0
2025-05-23 21:30:00,0.0
2025-05-23 22:30:00,0.0
2025-05-23 23:30:00,0.0
2025-05-24 00:30:00,0.0
2025-05-24 01:30:00,0.0
2025-05-24 02:30:00,0.0
2025-05-24 03:30:00,0.0
2025-05-24 04:30:00,0.0
2025-05-24 05:30:00,0.0
2025-05-24 06:30:00,5.871837953086527
2025-05-24 07:30:00,20.195834177457492
2025-05-24 08:30:00,32.99728098140093
2025-05-24 09:30:00,47.476885204910666
2025-05-24 10:30:00,55.63853869862363
2025-05-24 11:30:00,56.27102605754389
2025-05-24 12:30:00,54.77670972121769
2025-05-24 13:30:00,49.25857916482328
2025-05-24 14:30:00,40.369765752626535
2025-05-24 15:30:00,28.910602114182964
2025-05-24 16:30:00,17.057957620999122
2025-05-24 17:30:00,6.164154071559571
2025-05-24 18:30:00,0.0
2025-05-24 19:30:00,0.0
2025-05-24 20:30:00,0.0
2025-05-24 21:30:00,0.0
2025-05-24 22:30:00,0.0
2025-05-24 23:30:00,0.0
2025-05-25 00:30:00,0.0
2025-05-25 01:30:00,0.0
2025-05-25 02:30:00,0.0
2025-05-25 03:30:00,0.0
2025-05-25 04:30:00,0.0
2025-05-25 05:30:00,0.0
2025-05-25 06:30:00,4.135769783040701
2025-05-25 07:30:00,12.745272202825008
2025-05-25 08:30:00,26.399302781977863
2025-05-25 09:30:00,33.61668514993087
2025-05-25 10:30:00,41.98723186610566
2025-05-25 11:30:00,43.503372926160594
2025-05-25 12:30:00,24.452001477859653
2025-05-25 13:30:00,20.283477327718362
2025-05-25 14:30:00,28.89220848040969
2025-05-25 15:30:00,24.317599678321113
2025-05-25 16:30:00,15.897557155467526
2025-05-25 17:30:00,5.803959641167844
2025-05-25 18:30:00,0.0
2025-05-25 19:30:00,0.0
2025-05-25 20:30:00,0.0
2025-05-25 21:30:00,0.0
2025-05-25 22:30:00,0.0
2025-05-25 23:30:00,0.0
2025-05-26 00:30:00,0.0
2025-05-26 01:30:00,0.0
2025-05-26 02:30:00,0.0
2025-05-26 03:30:00,0.0
2025-05-26 04:30:00,0.0
2025-05-26 05:30:00,0.0
2025-05-26 06:30:00,4.3085704334604005
2025-05-26 07:30:00,16.164604321644802
2025-05-26 08:30:00,26.499959775488705
2025-05-26 09:30:00,35.68056687709478
2025-05-26 10:30:00,45.224282138975674
2025-05-26 11:30:00,47.72855405867991
2025-05-26 12:30:00,52.92846025399112
2025-05-26 13:30:00,52.090179341152655
2025-05-26 14:30:00,43.318798009382775
2025-05-26 15:30:00,31.518873441233126
2025-05-26 16:30:00,19.754682284008535
2025-05-26 17:30:00,6.887976431523638
2025-05-26 18:30:00,0.0
2025-05-26 19:30:00,0.0
2025-05-26 20:30:00,0.0
2025-05-26 21:30:00,0.0
2025-05-26 22:30:00,0.0
2025-05-26 23:30:00,0.0
2025-05-27 00:30:00,0.0
2025-05-27 01:30:00,0.0
2025-05-27 02:30:00,0.0
2025-05-27 03:30:00,0.0
2025-05-27 04:30:00,0.0
2025-05-27 05:30:00,0.0
2025-05-27 06:30:00,7.4851717167469305
2025-05-27 07:30:00,22.596325685766175
2025-05-27 08:30:00,37.282247199150724
2025-05-27 09:30:00,48.5843550973687
2025-05-27 10:30:00,56.12164330466672
2025-05-27 11:30:00,58.45335434541071
2025-05-27 12:30:00,53.22377156775596
2025-05-27 13:30:00,52.11870903591457
2025-05-27 14:30:00,42.77323331945849
2025-05-27 15:30:00,31.96387095072639
2025-05-27 16:30:00,20.243811643094453
2025-05-27 17:30:00,6.502537173875688
2025-05-27 18:30:00,0.0
2025-05-27 19:30:00,0.0
2025-05-27 20:30:00,0.0
2025-05-27 21:30:00,0.0
2025-05-27 22:30:00,0.0
2025-05-27 23:30:00,0.0
2025-05-28 00:30:00,0.0
2025-05-28 01:30:00,0.0
2025-05-28 02:30:00,0.0
2025-05-28 03:30:00,0.0
2025-05-28 04:30:00,0.0
2025-05-28 05:30:00,0.0
2025-05-28 06:30:00,6.217583061064666
2025-05-28 07:30:00,19.12235857637376
2025-05-28 08:30:00,32.45106355192743
2025-05-28 09:30:00,47.007692275541096
2025-05-28 10:30:00,54.902033369429546
2025-05-28 11:30:00,53.83671089006444
2025-05-28 12:30:00,49.304776271727526
2025-05-28 13:30:00,46.63971374059546
2025-05-28 14:30:00,39.29436722304006
2025-05-28 15:30:00,27.78857703720441
2025-05-28 16:30:00,15.720856611889767
2025-05-28 17:30:00,5.596909840785181
2025-05-28 18:30:00,0.0
2025-05-28 19:30:00,0.0
2025-05-28 20:30:00,0.0
2025-05-28 21:30:00,0.0
2025-05-28 22:30:00,0.0
2025-05-28 23:30:00,0.0
2025-05-29 00:30:00,0.0
2025-05-29 01:30:00,0.0
2025-05-29 02:30:00,0.0
2025-05-29 03:30:00,0.0
2025-05-29 04:30:00,0.0
2025-05-29 05:30:00,0.0
2025-05-29 06:30:00,5.081735508414993
2025-05-29 07:30:00,16.890521649150184
2025-05-29 08:30:00,24.934436638923692
2025-05-29 09:30:00,30.239500800869497
2025-05-29 10:30:00,38.63777359356917
2025-05-29 11:30:00,43.09018556814522
2025-05-29 12:30:00,44.85373675075897
2025-05-29 13:30:00,40.95956706985595
2025-05-29 14:30:00,34.09487972443346
2025-05-29 15:30:00,19.568107371833825
2025-05-29 16:30:00,11.898620597390561
2025-05-29 17:30:00,4.371544284104806
2025-05-29 18:30:00,0.0
2025-05-29 19:30:00,0.0
2025-05-29 20:30:00,0.0
2025-05-29 21:30:00,0.0
2025-05-29 22:30:00,0.0
2025-05-29 23:30:00,0.0
2025-05-30 00:30:00,0.0
2025-05-30 01:30:00,0.0
2025-05-30 02:30:00,0.0
2025-05-30 03:30:00,0.0
2025-05-30 04:30:00,0.0
2025-05-30 05:30:00,0.0
2025-05-30 06:30:00,3.613496422420121
2025-05-30 07:30:00,11.902101919315516
2025-05-30 08:30:00,23.87976891869153
2025-05-30 09:30:00,30.402152530908964
2025-05-30 10:30:00,32.31748299860747
2025-05-30 11:30:00,32.37095740120258
2025-05-30 12:30:00,27.07760805108039
2025-05-30 13:30:00,26.80694515467539
2025-05-30 14:30:00,33.031344828003995
2025-05-30 15:30:00,26.49384716165444
2025-05-30 16:30:00,16.753831546563536
2025-05-30 17:30:00,6.177259758447419
2025-05-30 18:30:00,0.0
2025-05-30 19:30:00,0.0
2025-05-30 20:30:00,0.0
2025-05-30 21:30:00,0.0
2025-05-30 22:30:00,0.0
2025-05-30 23:30:00,0.0
2025-05-31 00:30:00,0.0
2025-05-31 01:30:00,0.0
2025-05-31 02:30:00,0.0
2025-05-31 03:30:00,0.0
2025-05-31 04:30:00,0.0
2025-05-31 05:30:00,0.0
2025-05-31 06:30:00,7.35851997936714
2025-05-31 07:30:00,22.743809137331308
2025-05-31 08:30:00,35.818529969035936
2025-05-31 09:30:00,46.71934936394651
2025-05-31 10:30:00,54.54848577927193
2025-05-31 11:30:00,57.82543298177698
2025-05-31 12:30:00,52.60231693065487
2025-05-31 13:30:00,45.96022990532203
2025-05-31 14:30:00,36.99642231607225
2025-05-31 15:30:00,14.899172566981987
2025-05-31 16:30:00,8.646017529645004
2025-05-31 17:30:00,3.65946187047752
2025-05-31 18:30:00,0.0
2025-05-31 19:30:00,0.0
2025-05-31 20:30:00,0.0
2025-05-31 21:30:00,0.0
2025-05-31 22:30:00,0.0
2025-05-31 23:30:00,0.0
2025-06-01 00:30:00,0.0
2025-06-01 01:30:00,0.0
2025-06-01 02:30:00,0.0
2025-06-01 03:30:00,0.0
2025-06-01 04:30:00,0.0
2025-06-01 05:30:00,0.0
2025-06-01 06:30:00,6.063480230340384
2025-06-01 07:30:00,18.79545126313665
2025-06-01 08:30:00,28.829845979649868
2025-06-01 09:30:00,32.645566869460424
2025-06-01 10:30:00,43.971545554546715
2025-06-01 11:30:00,46.390545887741105
2025-06-01 12:30:00,39.52149838226552
2025-06-01 13:30:00,42.43243310671047
2025-06-01 14:30:00,37.29501163769965
2025-06-01 15:30:00,21.389748099091534
2025-06-01 16:30:00,12.141406721000427
2025-06-01 17:30:00,5.268026124383739
2025-06-01 18:30:00,0.0
2025-06-01 19:30:00,0.0
2025-06-01 20:30:00,0.0
2025-06-01 21:30:00,0.0
2025-06-01 22:30:00,0.0
2025-06-01 23:30:00,0.0
2025-06-02 00:30:00,0.0
2025-06-02 01:30:00,0.0
2025-06-02 02:30:00,0.0
2025-06-02 03:30:00,0.0
2025-06-02 04:30:00,0.0
2025-06-02 05:30:00,0.0
2025-06-02 06:30:00,6.6812835154594525
2025-06-02 07:30:00,21.807751008893806
2025-06-02 08:30:00,33.75230667829701
2025-06-02 09:30:00,47.220113057059436
2025-06-02 10:30:00,55.50430129953879
2025-06-02 11:30:00,60.60541540230415
2025-06-02 12:30:00,60.44011008531253
2025-06-02 13:30:00,55.232422517353484
2025-06-02 14:30:00,36.689124795397646
2025-06-02 15:30:00,20.30857081269698
2025-06-02 16:30:00,12.278288034285463
2025-06-02 17:30:00,5.086858093528791
2025-06-02 18:30:00,0.0
2025-06-02 19:30:00,0.0
2025-06-02 20:30:00,0.0
2025-06-02 21:30:00,0.0
2025-06-02 22:30:00,0.0
2025-06-02 23:30:00,0.0
2025-06-03 00:30:00,0.0
2025-06-03 01:30:00,0.0
2025-06-03 02:30:00,0.0
2025-06-03 03:30:00,0.0
2025-06-03 04:30:00,0.0
2025-06-03 05:30:00,0.0
2025-06-03 06:30:00,6.681214197214295
2025-06-03 07:30:00,20.957054886806027
2025-06-03 08:30:00,31.668532879490513
2025-06-03 09:30:00,30.728866406180654
2025-06-03 10:30:00,36.54601678307045
2025-06-03 11:30:00,35.36089456574143
2025-06-03 12:30:00,29.16518865302252
2025-06-03 13:30:00,26.659356342210163
2025-06-03 14:30:00,25.99914648136417
2025-06-03 15:30:00,28.17772761313108
2025-06-03 16:30:00,16.58258210915167
2025-06-03 17:30:00,6.50683482609117
2025-06-03 18:30:00,0.0
2025-06-03 19:30:00,0.0
2025-06-03 20:30:00,0.0
2025-06-03 21:30:00,0.0
2025-06-03 22:30:00,0.0
2025-06-03 23:30:00,0.0
2025-06-04 00:30:00,0.0
2025-06-04 01:30:00,0.0
2025-06-04 02:30:00,0.0
2025-06-04 03:30:00,0.0
2025-06-04 04:30:00,0.0
2025-06-04 05:30:00,0.0
2025-06-04 06:30:00,4.269243060924729
2025-06-04 07:30:00,12.045175626724856
2025-06-04 08:30:00,21.087677611265164
2025-06-04 09:30:00,29.954978549693752
2025-06-04 10:30:00,34.92163958098981
2025-06-04 11:30:00,51.50908746283047
2025-06-04 12:30:00,58.31399154712814
2025-06-04 13:30:00,53.59860651408878
2025-06-04 14:30:00,42.53742179170285
2025-06-04 15:30:00,29.30596661735607
2025-06-04 16:30:00,16.6962078105203
2025-06-04 17:30:00,6.386419421899747
2025-06-04 18:30:00,0.0
2025-06-04 19:30:00,0.0
2025-06-04 20:30:00,0.0
2025-06-04 21:30:00,0.0
2025-06-04 22:30:00,0.0
2025-06-04 23:30:00,0.0
2025-06-05 00:30:00,0.0
2025-06-05 01:30:00,0.0
2025-06-05 02:30:00,0.0
2025-06-05 03:30:00,0.0
2025-06-05 04:30:00,0.0
2025-06-05 05:30:00,0.0
2025-06-05 06:30:00,6.724755894176723
2025-06-05 07:30:00,21.157957726395217
2025-06-05 08:30:00,32.621754377002546
2025-06-05 09:30:00,49.931025181945905
2025-06-05 10:30:00,58.05175854521056
2025-06-05 11:30:00,62.23448363106245
2025-06-05 12:30:00,61.67458404607956
2025-06-05 13:30:00,56.83482598637221
2025-06-05 14:30:00,47.27745110595354
2025-06-05 15:30:00,35.127175001421854
2025-06-05 16:30:00,20.186334914881748
2025-06-05 17:30:00,7.694492798400733
2025-06-05 18:30:00,0.0
2025-06-05 19:30:00,0.0
2025-06-05 20:30:00,0.0
2025-06-05 21:30:00,0.0
2025-06-05 22:30:00,0.0
2025-06-05 23:30:00,0.0
2025-06-06 00:30:00,0.0
2025-06-06 01:30:00,0.0
2025-06-06 02:30:00,0.0
2025-06-06 03:30:00,0.0
2025-06-06 04:30:00,0.0
2025-06-06 05:30:00,0.0
2025-06-06 06:30:00,6.140729599354254
2025-06-06 07:30:00,23.138020315653144
2025-06-06 08:30:00,35.52415941872781
2025-06-06 09:30:00,48.94062558556183
2025-06-06 10:30:00,57.379831530945864
2025-06-06 11:30:00,60.33152361620829
2025-06-06 12:30:00,56.889824306915344
2025-06-06 13:30:00,52.664388221784705
2025-06-06 14:30:00,44.183087861936194
2025-06-06 15:30:00,33.62726251825872
2025-06-06 16:30:00,18.197566821956976
2025-06-06 17:30:00,7.032181003575833
2025-06-06 18:30:00,0.0
2025-06-06 19:30:00,0.0
2025-06-06 20:30:00,0.0
2025-06-06 21:30:00,0.0
2025-06-06 22:30:00,0.0
2025-06-06 23:30:00,0.0
2025-06-07 00:30:00,0.0
2025-06-07 01:30:00,0.0
2025-06-07 02:30:00,0.0
2025-06-07 03:30:00,0.0
2025-06-07 04:30:00,0.0
2025-06-07 05:30:00,0.0
2025-06-07 06:30:00,7.052615659223838
2025-06-07 07:30:00,22.036118644968482
2025-06-07 08:30:00,34.916234878226284
2025-06-07 09:30:00,46.23185880364963
2025-06-07 10:30:00,54.46969624512304
2025-06-07 11:30:00,59.783703461786175
2025-06-07 12:30:00,53.92110360747282
2025-06-07 13:30:00,53.19811183784222
2025-06-07 14:30:00,45.19589961564514
2025-06-07 15:30:00,33.53090521107414
2025-06-07 16:30:00,19.05338886531397
2025-06-07 17:30:00,7.224130213176176
2025-06-07 18:30:00,0.0
2025-06-07 19:30:00,0.0
2025-06-07 20:30:00,0.0
2025-06-07 21:30:00,0.0
2025-06-07 22:30:00,0.0
2025-06-07 23:30:00,0.0
2025-06-08 00:30:00,0.0
2025-06-08 01:30:00,0.0
2025-06-08 02:30:00,0.0
2025-06-08 03:30:00,0.0
2025-06-08 04:30:00,0.0
2025-06-08 05:30:00,0.0
2025-06-08 06:30:00,6.086345716902873
2025-06-08 07:30:00,22.075956776460064
2025-06-08 08:30:00,33.87887857895968
2025-06-08 09:30:00,39.49656948713196
2025-06-08 10:30:00,50.55501004036879
2025-06-08 11:30:00,55.71726021911212
2025-06-08 12:30:00,57.24609026865921
2025-06-08 13:30:00,52.66411508789487
2025-06-08 14:30:00,43.04192787408729
2025-06-08 15:30:00,30.79104464852254
2025-06-08 16:30:00,17.900965601783092
2025-06-08 17:30:00,7.175742030482071
2025-06-08 18:30:00,0.0
2025-06-08 19:30:00,0.0
2025-06-08 20:30:00,0.0
2025-06-08 21:30:00,0.0
2025-06-08 22:30:00,0.0
2025-06-08 23:30:00,0.0
2025-06-09 00:30:00,0.0
2025-06-09 01:30:00,0.0
2025-06-09 02:30:00,0.0
2025-06-09 03:30:00,0.0
2025-06-09 04:30:00,0.0
2025-06-09 05:30:00,0.0
2025-06-09 06:30:00,6.511831222016786
2025-06-09 07:30:00,23.347805775014876
2025-06-09 08:30:00,36.21083397982566
2025-06-09 09:30:00,47.9606062146391
2025-06-09 10:30:00,55.988428114059886
2025-06-09 11:30:00,59.759289182119375
2025-06-09 12:30:00,59.50802821293988
2025-06-09 13:30:00,55.09330834081905
2025-06-09 14:30:00,45.207809653804155
2025-06-09 15:30:00,32.09507122413065
2025-06-09 16:30:00,18.45502488193088
2025-06-09 17:30:00,7.545015623506776
2025-06-09 18:30:00,0.0
2025-06-09 19:30:00,0.0
2025-06-09 20:30:00,0.0
2025-06-09 21:30:00,0.0
2025-06-09 22:30:00,0.0
2025-06-09 23:30:00,0.0
2025-06-10 00:30:00,0.0
2025-06-10 01:30:00,0.0
2025-06-10 02:30:00,0.0
2025-06-10 03:30:00,0.0
2025-06-10 04:30:00,0.0
2025-06-10 05:30:00,0.0
2025-06-10 06:30:00,7.572732400485927
2025-06-10 07:30:00,23.711525759832334
2025-06-10 08:30:00,38.08629861042253
2025-06-10 09:30:00,49.701754726348135
2025-06-10 10:30:00,57.066504831037506
2025-06-10 11:30:00,60.59024107850656
2025-06-10 12:30:00,59.87989882631085
2025-06-10 13:30:00,55.149434383574665
2025-06-10 14:30:00,45.48813487719229
2025-06-10 15:30:00,32.906698817447484
2025-06-10 16:30:00,19.219664593442662
2025-06-10 17:30:00,7.6161595413665735
2025-06-10 18:30:00,0.0
2025-06-10 19:30:00,0.0
2025-06-10 20:30:00,0.0
2025-06-10 21:30:00,0.0
2025-06-10 22:30:00,0.0
2025-06-10 23:30:00,0.0
2025-06-11 00:30:00,0.0
2025-06-11 01:30:00,0.0
2025-06-11 02:30:00,0.0
2025-06-11 03:30:00,0.0
2025-06-11 04:30:00,0.0
2025-06-11 05:30:00,0.0
2025-06-11 06:30:00,6.02359842741036
2025-06-11 07:30:00,23.500707902381066
2025-06-11 08:30:00,38.67267810467035
2025-06-11 09:30:00,49.750693924056804
2025-06-11 10:30:00,56.805069592744
2025-06-11 11:30:00,58.02464429851584
2025-06-11 12:30:00,56.98815297218403
2025-06-11 13:30:00,52.03255812523028
2025-06-11 14:30:00,43.43522894119575
2025-06-11 15:30:00,31.814382589626213
2025-06-11 16:30:00,18.325448926863345
2025-06-11 17:30:00,7.289985206490018
2025-06-11 18:30:00,0.0
2025-06-11 19:30:00,0.0
2025-06-11 20:30:00,0.0
2025-06-11 21:30:00,0.0
2025-06-11 22:30:00,0.0
2025-06-11 23:30:00,0.0
2025-06-12 00:30:00,0.0
2025-06-12 01:30:00,0.0
2025-06-12 02:30:00,0.0
2025-06-12 03:30:00,0.0
2025-06-12 04:30:00,0.0
2025-06-12 05:30:00,0.0
2025-06-12 06:30:00,5.097069203010525
2025-06-12 07:30:00,20.84920497338651
2025-06-12 08:30:00,33.23063091490671
2025-06-12 09:30:00,44.877959931895
2025-06-12 10:30:00,44.8946040968334
2025-06-12 11:30:00,50.42505221875773
2025-06-12 12:30:00,53.22498651390101
2025-06-12 13:30:00,48.403914409492764
2025-06-12 14:30:00,40.545081363083035
2025-06-12 15:30:00,28.0290495762089
2025-06-12 16:30:00,15.667869646699602
2025-06-12 17:30:00,6.224042084420582
2025-06-12 18:30:00,0.0
2025-06-12 19:30:00,0.0
2025-06-12 20:30:00,0.0
2025-06-12 21:30:00,0.0
2025-06-12 22:30:00,0.0
2025-06-12 23:30:00,0.0
2025-06-13 00:30:00,0.0
2025-06-13 01:30:00,0.0
2025-06-13 02:30:00,0.0
2025-06-13 03:30:00,0.0
2025-06-13 04:30:00,0.0
2025-06-13 05:30:00,0.0
2025-06-13 06:30:00,5.210686915113768
2025-06-13 07:30:00,17.154526904904113
2025-06-13 08:30:00,28.962886280656843
2025-06-13 09:30:00,41.583123102755344
2025-06-13 10:30:00,47.929124419687085
2025-06-13 11:30:00,47.42401253207096
2025-06-13 12:30:00,39.24814974172352
2025-06-13 13:30:00,41.48324272547846
2025-06-13 14:30:00,38.044947844443776
2025-06-13 15:30:00,26.460465083212057
2025-06-13 16:30:00,15.113360186929594
2025-06-13 17:30:00,5.987200763024098
2025-06-13 18:30:00,0.0
2025-06-13 19:30:00,0.0
2025-06-13 20:30:00,0.0
2025-06-13 21:30:00,0.0
2025-06-13 22:30:00,0.0
2025-06-13 23:30:00,0.0
2025-06-14 00:30:00,0.0
2025-06-14 01:30:00,0.0
2025-06-14 02:30:00,0.0
2025-06-14 03:30:00,0.0
2025-06-14 04:30:00,0.0
2025-06-14 05:30:00,0.0
2025-06-14 06:30:00,4.700936337981489
2025-06-14 07:30:00,17.710569418523104
2025-06-14 08:30:00,29.6019414045148
2025-06-14 09:30:00,39.994828911062534
2025-06-14 10:30:00,49.32332676222665
2025-06-14 11:30:00,54.78592007438962
2025-06-14 12:30:00,54.05882686638215
2025-06-14 13:30:00,49.079565465839764
2025-06-14 14:30:00,41.349908378700114
2025-06-14 15:30:00,29.68526648391485
2025-06-14 16:30:00,16.926017683313503
2025-06-14 17:30:00,6.50602521269944
2025-06-14 18:30:00,0.0
2025-06-14 19:30:00,0.0
2025-06-14 20:30:00,0.0
2025-06-14 21:30:00,0.0
2025-06-14 22:30:00,0.0
2025-06-14 23:30:00,0.0
2025-06-15 00:30:00,0.0
2025-06-15 01:30:00,0.0
2025-06-15 02:30:00,0.0
2025-06-15 03:30:00,0.0
2025-06-15 04:30:00,0.0
2025-06-15 05:30:00,0.0
2025-06-15 06:30:00,4.627107345118364
2025-06-15 07:30:00,16.716307549079357
2025-06-15 08:30:00,23.06305349683105
2025-06-15 09:30:00,30.822314199384866
2025-06-15 10:30:00,42.09540889923862
2025-06-15 11:30:00,38.775108767923925
2025-06-15 12:30:00,40.29926018642827
2025-06-15 13:30:00,37.56479378438319
2025-06-15 14:30:00,36.015491202574204
2025-06-15 15:30:00,26.32990167212119
2025-06-15 16:30:00,14.89525441873554
2025-06-15 17:30:00,5.860583703824939
2025-06-15 18:30:00,0.0
2025-06-15 19:30:00,0.0
2025-06-15 20:30:00,0.0
2025-06-15 21:30:00,0.0
2025-06-15 22:30:00,0.0
2025-06-15 23:30:00,0.0
2025-06-16 00:30:00,0.0
2025-06-16 01:30:00,0.0
2025-06-16 02:30:00,0.0
2025-06-16 03:30:00,0.0
2025-06-16 04:30:00,0.0
2025-06-16 05:30:00,0.0
2025-06-16 06:30:00,3.621520138895089
2025-06-16 07:30:00,13.29456328545928
2025-06-16 08:30:00,18.156308966369373
2025-06-16 09:30:00,22.367343898010866
2025-06-16 10:30:00,26.904828591453146
2025-06-16 11:30:00,33.706232456182796
2025-06-16 12:30:00,36.42656450322768
2025-06-16 13:30:00,34.523396536894516
2025-06-16 14:30:00,30.35530832982963
2025-06-16 15:30:00,23.26240254694131
2025-06-16 16:30:00,13.54111409459609
2025-06-16 17:30:00,5.981883988212629
2025-06-16 18:30:00,0.0
2025-06-16 19:30:00,0.0
2025-06-16 20:30:00,0.0
2025-06-16 21:30:00,0.0
2025-06-16 22:30:00,0.0
2025-06-16 23:30:00,0.0
2025-06-17 00:30:00,0.0
2025-06-17 01:30:00,0.0
2025-06-17 02:30:00,0.0
2025-06-17 03:30:00,0.0
2025-06-17 04:30:00,0.0
2025-06-17 05:30:00,0.0
2025-06-17 06:30:00,3.9756621477792202
2025-06-17 07:30:00,13.527291131434113
2025-06-17 08:30:00,24.15545644762439
2025-06-17 09:30:00,35.04548222944898
2025-06-17 10:30:00,43.40124393650214
2025-06-17 11:30:00,39.34510603732362
2025-06-17 12:30:00,40.05486627609559
2025-06-17 13:30:00,27.844096156996432
2025-06-17 14:30:00,20.651554160149455
2025-06-17 15:30:00,8.35661981797405
2025-06-17 16:30:00,4.649630840543269
2025-06-17 17:30:00,1.8189966171100647
2025-06-17 18:30:00,0.0
2025-06-17 19:30:00,0.0
2025-06-17 20:30:00,0.0
2025-06-17 21:30:00,0.0
2025-06-17 22:30:00,0.0
2025-06-17 23:30:00,0.0
2025-06-18 00:30:00,0.0
2025-06-18 01:30:00,0.0
2025-06-18 02:30:00,0.0
2025-06-18 03:30:00,0.0
2025-06-18 04:30:00,0.0
2025-06-18 05:30:00,0.0
2025-06-18 06:30:00,3.572863395426828
2025-06-18 07:30:00,11.578038671770962
2025-06-18 08:30:00,20.1229197824405
2025-06-18 09:30:00,30.18766479915257
2025-06-18 10:30:00,34.842788560663315
2025-06-18 11:30:00,42.174593296136536
2025-06-18 12:30:00,37.375622548599424
2025-06-18 13:30:00,44.56385181611326
2025-06-18 14:30:00,39.10314727246654
2025-06-18 15:30:00,30.487142337634335
2025-06-18 16:30:00,17.971750887644273
2025-06-18 17:30:00,7.410783810569724
2025-06-18 18:30:00,0.0
2025-06-18 19:30:00,0.0
2025-06-18 20:30:00,0.0
2025-06-18 21:30:00,0.0
2025-06-18 22:30:00,0.0
2025-06-18 23:30:00,0.0
2025-06-19 00:30:00,0.0
2025-06-19 01:30:00,0.0
2025-06-19 02:30:00,0.0
2025-06-19 03:30:00,0.0
2025-06-19 04:30:00,0.0
2025-06-19 05:30:00,0.0
2025-06-19 06:30:00,4.382533788400444
2025-06-19 07:30:00,16.009524719857186
2025-06-19 08:30:00,23.77040871008714
2025-06-19 09:30:00,34.23930418393055
2025-06-19 10:30:00,43.18924141792823
2025-06-19 11:30:00,48.84191310465755
2025-06-19 12:30:00,55.54720546716869
2025-06-19 13:30:00,48.584595661768915
2025-06-19 14:30:00,43.6948921194013
2025-06-19 15:30:00,33.02161793474266
2025-06-19 16:30:00,19.819905526327616
2025-06-19 17:30:00,8.106258765504798
2025-06-19 18:30:00,0.0
2025-06-19 19:30:00,0.0
2025-06-19 20:30:00,0.0
2025-06-19 21:30:00,0.0
2025-06-19 22:30:00,0.0
2025-06-19 23:30:00,0.0
2025-06-20 00:30:00,0.0
2025-06-20 01:30:00,0.0
2025-06-20 02:30:00,0.0
2025-06-20 03:30:00,0.0
2025-06-20 04:30:00,0.0
2025-06-20 05:30:00,0.0
2025-06-20 06:30:00,3.568010173925116
2025-06-20 07:30:00,13.775291882100099
2025-06-20 08:30:00,19.670046971384554
2025-06-20 09:30:00,22.682350669227628
2025-06-20 10:30:00,25.0998680555607
2025-06-20 11:30:00,30.338651748212275
2025-06-20 12:30:00,29.381478337357446
2025-06-20 13:30:00,29.45736377935103
2025-06-20 14:30:00,30.930884333668207
2025-06-20 15:30:00,24.272510789749617
2025-06-20 16:30:00,14.487842185884645
2025-06-20 17:30:00,5.743243056139378
2025-06-20 18:30:00,0.0
2025-06-20 19:30:00,0.0
2025-06-20 20:30:00,0.0
2025-06-20 21:30:00,0.0
2025-06-20 22:30:00,0.0
2025-06-20 23:30:00,0.0
2025-06-21 00:30:00,0.0
2025-06-21 01:30:00,0.0
2025-06-21 02:30:00,0.0
2025-06-21 03:30:00,0.0
2025-06-21 04:30:00,0.0
2025-06-21 05:30:00,0.0
2025-06-21 06:30:00,5.262100276114371
2025-06-21 07:30:00,21.196176922786762
2025-06-21 08:30:00,36.1617685988333
2025-06-21 09:30:00,45.59015670272119
2025-06-21 10:30:00,47.03446631455705
2025-06-21 11:30:00,45.67740716466293
2025-06-21 12:30:00,46.698581911052955
2025-06-21 13:30:00,43.014220411419934
2025-06-21 14:30:00,30.16320993392535
2025-06-21 15:30:00,24.364622508919382
2025-06-21 16:30:00,14.815314114495747
2025-06-21 17:30:00,6.288829204657256
2025-06-21 18:30:00,0.0
2025-06-21 19:30:00,0.0
2025-06-21 20:30:00,0.0
2025-06-21 21:30:00,0.0
2025-06-21 22:30:00,0.0
2025-06-21 23:30:00,0.0
2025-06-22 00:30:00,0.0
2025-06-22 01:30:00,0.0
2025-06-22 02:30:00,0.0
2025-06-22 03:30:00,0.0
2025-06-22 04:30:00,0.0
2025-06-22 05:30:00,0.0
2025-06-22 06:30:00,4.939580461500041
2025-06-22 07:30:00,20.671402360896277
2025-06-22 08:30:00,28.536828859626247
2025-06-22 09:30:00,28.594742554181316
2025-06-22 10:30:00,26.898427898218745
2025-06-22 11:30:00,34.75919580935905
2025-06-22 12:30:00,21.232897433020394
2025-06-22 13:30:00,26.204710712556487
2025-06-22 14:30:00,26.421213931418308
2025-06-22 15:30:00,22.4701886445112
2025-06-22 16:30:00,13.791386881213349
2025-06-22 17:30:00,5.897225789757121
2025-06-22 18:30:00,0.0
2025-06-22 19:30:00,0.0
2025-06-22 20:30:00,0.0
2025-06-22 21:30:00,0.0
2025-06-22 22:30:00,0.0
2025-06-22 23:30:00,0.0
2025-06-23 00:30:00,0.0
2025-06-23 01:30:00,0.0
2025-06-23 02:30:00,0.0
2025-06-23 03:30:00,0.0
2025-06-23 04:30:00,0.0
2025-06-23 05:30:00,0.0
2025-06-23 06:30:00,4.378079750132806
2025-06-23 07:30:00,18.750729274037077
2025-06-23 08:30:00,27.688289946389922
2025-06-23 09:30:00,39.58481146603559
2025-06-23 10:30:00,43.150637746150664
2025-06-23 11:30:00,41.35289544392619
2025-06-23 12:30:00,38.68869315082714
2025-06-23 13:30:00,38.962871223478516
2025-06-23 14:30:00,34.52779419466187
2025-06-23 15:30:00,23.960636075195374
2025-06-23 16:30:00,14.439136131138802
2025-06-23 17:30:00,6.190351713681785
2025-06-23 18:30:00,0.0
2025-06-23 19:30:00,0.0
2025-06-23 20:30:00,0.0
2025-06-23 21:30:00,0.0
2025-06-23 22:30:00,0.0
2025-06-23 23:30:00,0.0
2025-06-24 00:30:00,0.0
2025-06-24 01:30:00,0.0
2025-06-24 02:30:00,0.0
2025-06-24 03:30:00,0.0
2025-06-24 04:30:00,0.0
2025-06-24 05:30:00,0.0
2025-06-24 06:30:00,3.5171945052599947
2025-06-24 07:30:00,12.523592630460994
2025-06-24 08:30:00,22.038145240169662
2025-06-24 09:30:00,29.561545280131682
2025-06-24 10:30:00,35.24160738044042
2025-06-24 11:30:00,39.30668990223367
2025-06-24 12:30:00,34.94776364196077
2025-06-24 13:30:00,32.67256863198355
2025-06-24 14:30:00,19.816675332259816
2025-06-24 15:30:00,13.044156338212005
2025-06-24 16:30:00,7.6716194727661495
2025-06-24 17:30:00,3.187756442232116
2025-06-24 18:30:00,0.0
2025-06-24 19:30:00,0.0
2025-06-24 20:30:00,0.0
2025-06-24 21:30:00,0.0
2025-06-24 22:30:00,0.0
2025-06-24 23:30:00,0.0
2025-06-25 00:30:00,0.0
2025-06-25 01:30:00,0.0
2025-06-25 02:30:00,0.0
2025-06-25 03:30:00,0.0
2025-06-25 04:30:00,0.0
2025-06-25 05:30:00,0.0
2025-06-25 06:30:00,2.8100869526381183
2025-06-25 07:30:00,6.464607246611643
2025-06-25 08:30:00,8.85604009076483
2025-06-25 09:30:00,9.754895255560662
2025-06-25 10:30:00,11.895548831696708
2025-06-25 11:30:00,16.035239107940708
2025-06-25 12:30:00,23.05954900269547
2025-06-25 13:30:00,27.48191657386905
2025-06-25 14:30:00,28.94230243667912
2025-06-25 15:30:00,24.74742984900759
2025-06-25 16:30:00,15.086414180942942
2025-06-25 17:30:00,6.4719216649714815
2025-06-25 18:30:00,0.0
2025-06-25 19:30:00,0.0
2025-06-25 20:30:00,0.0
2025-06-25 21:30:00,0.0
2025-06-25 22:30:00,0.0
2025-06-25 23:30:00,0.0
2025-06-26 00:30:00,0.0
2025-06-26 01:30:00,0.0
2025-06-26 02:30:00,0.0
2025-06-26 03:30:00,0.0
2025-06-26 04:30:00,0.0
2025-06-26 05:30:00,0.0
2025-06-26 06:30:00,4.283683322169434
2025-06-26 07:30:00,16.49442410973247
2025-06-26 08:30:00,35.04824263125341
2025-06-26 09:30:00,48.29336003274578
2025-06-26 10:30:00,50.461736878341476
2025-06-26 11:30:00,51.16940481940978
2025-06-26 12:30:00,51.03055454772808
2025-06-26 13:30:00,47.255808990260824
2025-06-26 14:30:00,39.32272024397973
2025-06-26 15:30:00,28.366776807167252
2025-06-26 16:30:00,18.139189288178223
2025-06-26 17:30:00,7.817570287064533
2025-06-26 18:30:00,0.0
2025-06-26 19:30:00,0.0
2025-06-26 20:30:00,0.0
2025-06-26 21:30:00,0.0
2025-06-26 22:30:00,0.0
2025-06-26 23:30:00,0.0
2025-06-27 00:30:00,0.0
2025-06-27 01:30:00,0.0
2025-06-27 02:30:00,0.0
2025-06-27 03:30:00,0.0
2025-06-27 04:30:00,0.0
2025-06-27 05:30:00,0.0
2025-06-27 06:30:00,5.450855882660455
2025-06-27 07:30:00,23.408344293478322
2025-06-27 08:30:00,36.92644434429434
2025-06-27 09:30:00,45.306770188221535
2025-06-27 10:30:00,57.9216336708399
2025-06-27 11:30:00,58.01369986985511
2025-06-27 12:30:00,53.37540111920614
2025-06-27 13:30:00,49.42620976340465
2025-06-27 14:30:00,42.17634209831414
2025-06-27 15:30:00,34.70942220234842
2025-06-27 16:30:00,21.399662740724175
2025-06-27 17:30:00,8.65255157728842
2025-06-27 18:30:00,0.0
2025-06-27 19:30:00,0.0
2025-06-27 20:30:00,0.0
2025-06-27 21:30:00,0.0
2025-06-27 22:30:00,0.0
2025-06-27 23:30:00,0.0
2025-06-28 00:30:00,0.0
2025-06-28 01:30:00,0.0
2025-06-28 02:30:00,0.0
2025-06-28 03:30:00,0.0
2025-06-28 04:30:00,0.0
2025-06-28 05:30:00,0.0
2025-06-28 06:30:00,4.466442925966788
2025-06-28 07:30:00,17.980141792026217
2025-06-28 08:30:00,29.381790971264728
2025-06-28 09:30:00,37.05034511057711
2025-06-28 10:30:00,41.70260333975181
2025-06-28 11:30:00,41.85361634384133
2025-06-28 12:30:00,42.946342472581826
2025-06-28 13:30:00,27.00854937642484
2025-06-28 14:30:00,21.30738171759309
2025-06-28 15:30:00,9.321259419883795
2025-06-28 16:30:00,5.475414001580679
2025-06-28 17:30:00,2.5686208157545503
2025-06-28 18:30:00,0.0
2025-06-28 19:30:00,0.0
2025-06-28 20:30:00,0.0
2025-06-28 21:30:00,0.0
2025-06-28 22:30:00,0.0
2025-06-28 23:30:00,0.0
2025-06-29 00:30:00,0.0
2025-06-29 01:30:00,0.0
2025-06-29 02:30:00,0.0
2025-06-29 03:30:00,0.0
2025-06-29 04:30:00,0.0
2025-06-29 05:30:00,0.0
2025-06-29 06:30:00,4.181413417207421
2025-06-29 07:30:00,17.762739512695347
2025-06-29 08:30:00,25.94888906876803
2025-06-29 09:30:00,28.52249408951158
2025-06-29 10:30:00,25.50963601838954
2025-06-29 11:30:00,18.961511806689874
2025-06-29 12:30:00,7.768858299067199
2025-06-29 13:30:00,8.90463361459747
2025-06-29 14:30:00,7.822156854995068
2025-06-29 15:30:00,7.98445422350047
2025-06-29 16:30:00,5.948874888167354
2025-06-29 17:30:00,3.0597681833111094
2025-06-29 18:30:00,0.0
2025-06-29 19:30:00,0.0
2025-06-29 20:30:00,0.0
2025-06-29 21:30:00,0.0
2025-06-29 22:30:00,0.0
2025-06-29 23:30:00,0.0
2025-06-30 00:30:00,0.0
2025-06-30 01:30:00,0.0
2025-06-30 02:30:00,0.0
2025-06-30 03:30:00,0.0
2025-06-30 04:30:00,0.0
2025-06-30 05:30:00,0.0
2025-06-30 06:30:00,1.4447983498080519
2025-06-30 07:30:00,6.597000061572637
2025-06-30 08:30:00,9.374977102441035
2025-06-30 09:30:00,12.34807592225472
2025-06-30 10:30:00,12.777477567196213
2025-06-30 11:30:00,17.742743937346535
2025-06-30 12:30:00,24.756657371446394
2025-06-30 13:30:00,25.546614553970837
2025-06-30 14:30:00,17.475892852282644
2025-06-30 15:30:00,10.659792011765415
2025-06-30 16:30:00,5.679921996601042
2025-06-30 17:30:00,2.367475574892775
2025-06-30 18:30:00,0.0
2025-06-30 19:30:00,0.0
2025-06-30 20:30:00,0.0
2025-06-30 21:30:00,0.0
2025-06-30 22:30:00,0.0
2025-06-30 23:30:00,0.0
2025-07-01 00:30:00,0.0
2025-07-01 01:30:00,0.0
2025-07-01 02:30:00,0.0
2025-07-01 03:30:00,0.0
2025-07-01 04:30:00,0.0
2025-07-01 05:30:00,0.0
2025-07-01 06:30:00,1.1101088087594437
2025-07-01 07:30:00,4.644878531606777
2025-07-01 08:30:00,10.607298132753234
2025-07-01 09:30:00,25.900180118735076
2025-07-01 10:30:00,33.46207647658611
2025-07-01 11:30:00,43.07180540489593
2025-07-01 12:30:00,44.177624549072924
2025-07-01 13:30:00,45.090907577020324
2025-07-01 14:30:00,36.452118143371564
2025-07-01 15:30:00,26.801063350122927
2025-07-01 16:30:00,17.62239158816285
2025-07-01 17:30:00,7.248474904154412
2025-07-01 18:30:00,0.0
2025-07-01 19:30:00,0.0
2025-07-01 20:30:00,0.0
2025-07-01 21:30:00,0.0
2025-07-01 22:30:00,0.0
2025-07-01 23:30:00,0.0
2025-07-02 00:30:00,0.0
2025-07-02 01:30:00,0.0
2025-07-02 02:30:00,0.0
2025-07-02 03:30:00,0.0
2025-07-02 04:30:00,0.0
2025-07-02 05:30:00,0.0
2025-07-02 06:30:00,4.8053608984348735
2025-07-02 07:30:00,21.400604089537275
2025-07-02 08:30:00,33.20545532242226
2025-07-02 09:30:00,41.786065973829324
2025-07-02 10:30:00,48.62086905524251
2025-07-02 11:30:00,55.610203448069825
2025-07-02 12:30:00,53.51475684783968
2025-07-02 13:30:00,49.988993073509356
2025-07-02 14:30:00,40.28942784720712
2025-07-02 15:30:00,30.720621700207744
2025-07-02 16:30:00,20.103940009387472
2025-07-02 17:30:00,8.010873587893553
2025-07-02 18:30:00,0.0
2025-07-02 19:30:00,0.0
2025-07-02 20:30:00,0.0
2025-07-02 21:30:00,0.0
2025-07-02 22:30:00,0.0
2025-07-02 23:30:00,0.0
2025-07-03 00:30:00,0.0
2025-07-03 01:30:00,0.0
2025-07-03 02:30:00,0.0
2025-07-03 03:30:00,0.0
2025-07-03 04:30:00,0.0
2025-07-03 05:30:00,0.0
2025-07-03 06:30:00,4.441146767364504
2025-07-03 07:30:00,20.07653192100099
2025-07-03 08:30:00,31.552614963908358
2025-07-03 09:30:00,41.78367746811036
2025-07-03 10:30:00,48.38579703788556
2025-07-03 11:30:00,54.44720118683268
2025-07-03 12:30:00,48.73977860724732
2025-07-03 13:30:00,47.753484231429745
2025-07-03 14:30:00,39.05900975882171
2025-07-03 15:30:00,25.853965690768142
2025-07-03 16:30:00,17.818760708832574
2025-07-03 17:30:00,7.376238309457807
2025-07-03 18:30:00,0.0
2025-07-03 19:30:00,0.0
2025-07-03 20:30:00,0.0
2025-07-03 21:30:00,0.0
2025-07-03 22:30:00,0.0
2025-07-03 23:30:00,0.0
2025-07-04 00:30:00,0.0
2025-07-04 01:30:00,0.0
2025-07-04 02:30:00,0.0
2025-07-04 03:30:00,0.0
2025-07-04 04:30:00,0.0
2025-07-04 05:30:00,0.0
2025-07-04 06:30:00,4.278439621564259
2025-07-04 07:30:00,17.47976444481586
2025-07-04 08:30:00,35.450019692987986
2025-07-04 09:30:00,46.059155430923994
2025-07-04 10:30:00,49.5625023262489
2025-07-04 11:30:00,45.36703583314278
2025-07-04 12:30:00,42.42015988132496
2025-07-04 13:30:00,37.38314059840893
2025-07-04 14:30:00,30.85341110800807
2025-07-04 15:30:00,22.854868306361503
2025-07-04 16:30:00,14.455798691909788
2025-07-04 17:30:00,6.8949316689140785
2025-07-04 18:30:00,0.0
2025-07-04 19:30:00,0.0
2025-07-04 20:30:00,0.0
2025-07-04 21:30:00,0.0
2025-07-04 22:30:00,0.0
2025-07-04 23:30:00,0.0
2025-07-05 00:30:00,0.0
2025-07-05 01:30:00,0.0
2025-07-05 02:30:00,0.0
2025-07-05 03:30:00,0.0
2025-07-05 04:30:00,0.0
2025-07-05 05:30:00,0.0
2025-07-05 06:30:00,3.370192865302549
2025-07-05 07:30:00,13.98742046499764
2025-07-05 08:30:00,25.316347501796677
2025-07-05 09:30:00,37.59439033428312
2025-07-05 10:30:00,41.179623325715276
2025-07-05 11:30:00,33.922687213085325
2025-07-05 12:30:00,39.05517011067489
2025-07-05 13:30:00,43.15580659904434
2025-07-05 14:30:00,35.61901203262163
2025-07-05 15:30:00,24.256924295939452
2025-07-05 16:30:00,14.678090119198021
2025-07-05 17:30:00,5.870015930985936
2025-07-05 18:30:00,0.0
2025-07-05 19:30:00,0.0
2025-07-05 20:30:00,0.0
2025-07-05 21:30:00,0.0
2025-07-05 22:30:00,0.0
2025-07-05 23:30:00,0.0
2025-07-06 00:30:00,0.0
2025-07-06 01:30:00,0.0
2025-07-06 02:30:00,0.0
2025-07-06 03:30:00,0.0
2025-07-06 04:30:00,0.0
2025-07-06 05:30:00,0.0
2025-07-06 06:30:00,2.1462864232481684
2025-07-06 07:30:00,10.022414547110404
2025-07-06 08:30:00,19.351355126797156
2025-07-06 09:30:00,31.336367987739546
2025-07-06 10:30:00,35.617664523841654
2025-07-06 11:30:00,38.91583255493883
2025-07-06 12:30:00,36.881444702923034
2025-07-06 13:30:00,21.737854924827204
2025-07-06 14:30:00,8.725694379999966
2025-07-06 15:30:00,15.929676825781389
2025-07-06 16:30:00,13.126461363934824
2025-07-06 17:30:00,5.712722676514723
2025-07-06 18:30:00,0.0
2025-07-06 19:30:00,0.0
2025-07-06 20:30:00,0.0
2025-07-06 21:30:00,0.0
2025-07-06 22:30:00,0.0
2025-07-06 23:30:00,0.0
2025-07-07 00:30:00,0.0
2025-07-07 01:30:00,0.0
2025-07-07 02:30:00,0.0
2025-07-07 03:30:00,0.0
2025-07-07 04:30:00,0.0
2025-07-07 05:30:00,0.0
2025-07-07 06:30:00,0.6423242115078941
2025-07-07 07:30:00,2.3440856609661265
2025-07-07 08:30:00,9.598596419781062
2025-07-07 09:30:00,18.972546504632888
2025-07-07 10:30:00,27.86750537429018
2025-07-07 11:30:00,38.5009240062647
2025-07-07 12:30:00,40.878964761313505
2025-07-07 13:30:00,42.08821951002682
2025-07-07 14:30:00,37.75488188778323
2025-07-07 15:30:00,28.703664690223647
2025-07-07 16:30:00,19.03322824691194
2025-07-07 17:30:00,8.324925090433185
2025-07-07 18:30:00,0.0
2025-07-07 19:30:00,0.0
2025-07-07 20:30:00,0.0
2025-07-07 21:30:00,0.0
2025-07-07 22:30:00,0.0
2025-07-07 23:30:00,0.0
2025-07-08 00:30:00,0.0
2025-07-08 01:30:00,0.0
2025-07-08 02:30:00,0.0
2025-07-08 03:30:00,0.0
2025-07-08 04:30:00,0.0
2025-07-08 05:30:00,0.0
2025-07-08 06:30:00,3.4652730920439643
2025-07-08 07:30:00,16.51742406160145
2025-07-08 08:30:00,31.098837686785817
2025-07-08 09:30:00,43.08197074090011
2025-07-08 10:30:00,44.94365838042308
2025-07-08 11:30:00,51.59710756587855
2025-07-08 12:30:00,46.30097859207204
2025-07-08 13:30:00,45.30230214702763
2025-07-08 14:30:00,38.74817350644099
2025-07-08 15:30:00,27.582865373382855
2025-07-08 16:30:00,17.530341459724628
2025-07-08 17:30:00,6.818224300274649
2025-07-08 18:30:00,0.0
2025-07-08 19:30:00,0.0
2025-07-08 20:30:00,0.0
2025-07-08 21:30:00,0.0
2025-07-08 22:30:00,0.0
2025-07-08 23:30:00,0.0
2025-07-09 00:30:00,0.0
2025-07-09 01:30:00,0.0
2025-07-09 02:30:00,0.0
2025-07-09 03:30:00,0.0
2025-07-09 04:30:00,0.0
2025-07-09 05:30:00,0.0
2025-07-09 06:30:00,2.9101888877963833
2025-07-09 07:30:00,13.589786394038507
2025-07-09 08:30:00,22.36649376858612
2025-07-09 09:30:00,34.58561869768837
2025-07-09 10:30:00,41.96779238968115
2025-07-09 11:30:00,45.17458946395915
2025-07-09 12:30:00,39.95039215697734
2025-07-09 13:30:00,44.072223351443945
2025-07-09 14:30:00,33.50556857991854
2025-07-09 15:30:00,22.985203357615585
2025-07-09 16:30:00,10.430655272529691
2025-07-09 17:30:00,2.9267055435562686
2025-07-09 18:30:00,0.0
2025-07-09 19:30:00,0.0
2025-07-09 20:30:00,0.0
2025-07-09 21:30:00,0.0
2025-07-09 22:30:00,0.0
2025-07-09 23:30:00,0.0
2025-07-10 00:30:00,0.0
2025-07-10 01:30:00,0.0
2025-07-10 02:30:00,0.0
2025-07-10 03:30:00,0.0
2025-07-10 04:30:00,0.0
2025-07-10 05:30:00,0.0
2025-07-10 06:30:00,1.6487276412362426
2025-07-10 07:30:00,8.607166267492216
2025-07-10 08:30:00,12.646505470229785
2025-07-10 09:30:00,19.91339283639231
2025-07-10 10:30:00,29.902887465731222
2025-07-10 11:30:00,27.457379586325978
2025-07-10 12:30:00,28.872396091273863
2025-07-10 13:30:00,35.041973423603025
2025-07-10 14:30:00,22.181800917650357
2025-07-10 15:30:00,21.37885999990845
2025-07-10 16:30:00,12.535224401438256
2025-07-10 17:30:00,5.474516972330533
2025-07-10 18:30:00,0.0
2025-07-10 19:30:00,0.0
2025-07-10 20:30:00,0.0
2025-07-10 21:30:00,0.0
2025-07-10 22:30:00,0.0
2025-07-10 23:30:00,0.0
2025-07-11 00:30:00,0.0
2025-07-11 01:30:00,0.0
2025-07-11 02:30:00,0.0
2025-07-11 03:30:00,0.0
2025-07-11 04:30:00,0.0
2025-07-11 05:30:00,0.0
2025-07-11 06:30:00,3.1092991321967745
2025-07-11 07:30:00,16.68185002646723
2025-07-11 08:30:00,27.855557050396587
2025-07-11 09:30:00,33.88487020095308
2025-07-11 10:30:00,36.44961638447236
2025-07-11 11:30:00,42.660557994551965
2025-07-11 12:30:00,37.76765440545012
2025-07-11 13:30:00,29.734363217967275
2025-07-11 14:30:00,31.79682887317622
2025-07-11 15:30:00,27.98311603280518
2025-07-11 16:30:00,19.50272582604161
2025-07-11 17:30:00,8.339066569055321
2025-07-11 18:30:00,0.0
2025-07-11 19:30:00,0.0
2025-07-11 20:30:00,0.0
2025-07-11 21:30:00,0.0
2025-07-11 22:30:00,0.0
2025-07-11 23:30:00,0.0
2025-07-12 00:30:00,0.0
2025-07-12 01:30:00,0.0
2025-07-12 02:30:00,0.0
2025-07-12 03:30:00,0.0
2025-07-12 04:30:00,0.0
2025-07-12 05:30:00,0.0
2025-07-12 06:30:00,3.7950292875998355
2025-07-12 07:30:00,21.19728224344498
2025-07-12 08:30:00,32.21646255962974
2025-07-12 09:30:00,39.83516610092959
2025-07-12 10:30:00,49.38495557927041
2025-07-12 11:30:00,51.79610712356936
2025-07-12 12:30:00,50.93031108656772
2025-07-12 13:30:00,42.58532152708957
2025-07-12 14:30:00,30.621242812486805
2025-07-12 15:30:00,9.25560070480607
2025-07-12 16:30:00,5.527377731021404
2025-07-12 17:30:00,2.2579044736805662
2025-07-12 18:30:00,0.0
2025-07-12 19:30:00,0.0
2025-07-12 20:30:00,0.0
2025-07-12 21:30:00,0.0
2025-07-12 22:30:00,0.0
2025-07-12 23:30:00,0.0
2025-07-13 00:30:00,0.0
2025-07-13 01:30:00,0.0
2025-07-13 02:30:00,0.0
2025-07-13 03:30:00,0.0
2025-07-13 04:30:00,0.0
2025-07-13 05:30:00,0.0
2025-07-13 06:30:00,2.703415646774343
2025-07-13 07:30:00,16.282869797287297
2025-07-13 08:30:00,26.311716120638884
2025-07-13 09:30:00,33.26729718573127
2025-07-13 10:30:00,41.6645952043061
2025-07-13 11:30:00,47.85862569742891
2025-07-13 12:30:00,49.280423919610044
2025-07-13 13:30:00,41.27432506025516
2025-07-13 14:30:00,35.08962792795622
2025-07-13 15:30:00,29.484854047866005
2025-07-13 16:30:00,17.38327123303303
2025-07-13 17:30:00,7.183579104389525
2025-07-13 18:30:00,0.0
2025-07-13 19:30:00,0.0
2025-07-13 20:30:00,0.0
2025-07-13 21:30:00,0.0
2025-07-13 22:30:00,0.0
2025-07-13 23:30:00,0.0
2025-07-14 00:30:00,0.0
2025-07-14 01:30:00,0.0
2025-07-14 02:30:00,0.0
2025-07-14 03:30:00,0.0
2025-07-14 04:30:00,0.0
2025-07-14 05:30:00,0.0
2025-07-14 06:30:00,1.321280542354619
2025-07-14 07:30:00,9.446566981998938
2025-07-14 08:30:00,20.220857092635786
2025-07-14 09:30:00,30.206562534411557
2025-07-14 10:30:00,34.51719627085151
2025-07-14 11:30:00,42.88055684759182
2025-07-14 12:30:00,47.65273925274595
2025-07-14 13:30:00,44.25251601645876
2025-07-14 14:30:00,37.301194682079206
2025-07-14 15:30:00,26.858217296457127
2025-07-14 16:30:00,17.045864414905456
2025-07-14 17:30:00,7.095319311140034
2025-07-14 18:30:00,0.0
2025-07-14 19:30:00,0.0
2025-07-14 20:30:00,0.0
2025-07-14 21:30:00,0.0
2025-07-14 22:30:00,0.0
2025-07-14 23:30:00,0.0
2025-07-15 00:30:00,0.0
2025-07-15 01:30:00,0.0
2025-07-15 02:30:00,0.0
2025-07-15 03:30:00,0.0
2025-07-15 04:30:00,0.0
2025-07-15 05:30:00,0.0
2025-07-15 06:30:00,2.739140676449325
2025-07-15 07:30:00,15.216056095037002
2025-07-15 08:30:00,30.01937161486521
2025-07-15 09:30:00,38.78074361111499
2025-07-15 10:30:00,48.45914214412818
2025-07-15 11:30:00,53.73115584336765
2025-07-15 12:30:00,51.13730585182676
2025-07-15 13:30:00,35.286916847366825
2025-07-15 14:30:00,29.92957795621819
2025-07-15 15:30:00,21.03913009684484
2025-07-15 16:30:00,13.47170193727147
2025-07-15 17:30:00,5.611417475855602
2025-07-15 18:30:00,0.0
2025-07-15 19:30:00,0.0
2025-07-15 20:30:00,0.0
2025-07-15 21:30:00,0.0
2025-07-15 22:30:00,0.0
2025-07-15 23:30:00,0.0
2025-07-16 00:30:00,0.0
2025-07-16 01:30:00,0.0
2025-07-16 02:30:00,0.0
2025-07-16 03:30:00,0.0
2025-07-16 04:30:00,0.0
2025-07-16 05:30:00,0.0
2025-07-16 06:30:00,2.8624243528929214
2025-07-16 07:30:00,17.78305535018863
2025-07-16 08:30:00,24.580701078023015
2025-07-16 09:30:00,39.136052349705174
2025-07-16 10:30:00,43.16508289469998
2025-07-16 11:30:00,48.73204898805247
2025-07-16 12:30:00,48.44165306837619
2025-07-16 13:30:00,42.82159412590882
2025-07-16 14:30:00,34.68885841689182
2025-07-16 15:30:00,27.431769973850145
2025-07-16 16:30:00,17.44509233995879
2025-07-16 17:30:00,6.8399984647520595
2025-07-16 18:30:00,0.0
2025-07-16 19:30:00,0.0
2025-07-16 20:30:00,0.0
2025-07-16 21:30:00,0.0
2025-07-16 22:30:00,0.0
2025-07-16 23:30:00,0.0
2025-07-17 00:30:00,0.0
2025-07-17 01:30:00,0.0
2025-07-17 02:30:00,0.0
2025-07-17 03:30:00,0.0
2025-07-17 04:30:00,0.0
2025-07-17 05:30:00,0.0
2025-07-17 06:30:00,2.0881362694884507
2025-07-17 07:30:00,12.858105221436045
2025-07-17 08:30:00,19.187780140564133
2025-07-17 09:30:00,27.09668477672613
2025-07-17 10:30:00,33.267335773499326
2025-07-17 11:30:00,35.70144860556025
2025-07-17 12:30:00,37.102032309438755
2025-07-17 13:30:00,43.85180505933998
2025-07-17 14:30:00,40.67419201772662
2025-07-17 15:30:00,30.185822878866638
2025-07-17 16:30:00,19.56656069119218
2025-07-17 17:30:00,7.580268958553271
2025-07-17 18:30:00,0.0
2025-07-17 19:30:00,0.0
2025-07-17 20:30:00,0.0
2025-07-17 21:30:00,0.0
2025-07-17 22:30:00,0.0
2025-07-17 23:30:00,0.0
2025-07-18 00:30:00,0.0
2025-07-18 01:30:00,0.0
2025-07-18 02:30:00,0.0
2025-07-18 03:30:00,0.0
2025-07-18 04:30:00,0.0
2025-07-18 05:30:00,0.0
2025-07-18 06:30:00,2.8963072924301434
2025-07-18 07:30:00,20.68371066721389
2025-07-18 08:30:00,34.19398451490696
2025-07-18 09:30:00,41.19575190795044
2025-07-18 10:30:00,43.40649682613686
2025-07-18 11:30:00,38.37908060575121
2025-07-18 12:30:00,35.173347930576384
2025-07-18 13:30:00,31.131241856076656
2025-07-18 14:30:00,26.754871664961453
2025-07-18 15:30:00,20.8895246915421
2025-07-18 16:30:00,13.625569632975475
2025-07-18 17:30:00,5.5247758333519625
2025-07-18 18:30:00,0.0
2025-07-18 19:30:00,0.0
2025-07-18 20:30:00,0.0
2025-07-18 21:30:00,0.0
2025-07-18 22:30:00,0.0
2025-07-18 23:30:00,0.0
2025-07-19 00:30:00,0.0
2025-07-19 01:30:00,0.0
2025-07-19 02:30:00,0.0
2025-07-19 03:30:00,0.0
2025-07-19 04:30:00,0.0
2025-07-19 05:30:00,0.0
2025-07-19 06:30:00,2.7895536234754044
2025-07-19 07:30:00,19.00911080958924
2025-07-19 08:30:00,32.377371457314226
2025-07-19 09:30:00,39.2777042139399
2025-07-19 10:30:00,50.814644263118005
2025-07-19 11:30:00,55.44136463899302
2025-07-19 12:30:00,52.89459193187776
2025-07-19 13:30:00,51.41374616922802
2025-07-19 14:30:00,43.50095633748676
2025-07-19 15:30:00,35.25070197375678
2025-07-19 16:30:00,19.2487307243502
2025-07-19 17:30:00,7.290991398846451
2025-07-19 18:30:00,0.0
2025-07-19 19:30:00,0.0
2025-07-19 20:30:00,0.0
2025-07-19 21:30:00,0.0
2025-07-19 22:30:00,0.0
2025-07-19 23:30:00,0.0
2025-07-20 00:30:00,0.0
2025-07-20 01:30:00,0.0
2025-07-20 02:30:00,0.0
2025-07-20 03:30:00,0.0
2025-07-20 04:30:00,0.0
2025-07-20 05:30:00,0.0
2025-07-20 06:30:00,3.0916774362793285
2025-07-20 07:30:00,20.14925226045232
2025-07-20 08:30:00,33.172902633544645
2025-07-20 09:30:00,43.702048898417125
2025-07-20 10:30:00,48.61424255801111
2025-07-20 11:30:00,47.79779717862686
2025-07-20 12:30:00,52.22821983952648
2025-07-20 13:30:00,44.131709423426315
2025-07-20 14:30:00,40.25665484499908
2025-07-20 15:30:00,30.860475594049138
2025-07-20 16:30:00,18.20820768249411
2025-07-20 17:30:00,7.508859597669242
2025-07-20 18:30:00,0.0
2025-07-20 19:30:00,0.0
2025-07-20 20:30:00,0.0
2025-07-20 21:30:00,0.0
2025-07-20 22:30:00,0.0
2025-07-20 23:30:00,0.0
2025-07-21 00:30:00,0.0
2025-07-21 01:30:00,0.0
2025-07-21 02:30:00,0.0
2025-07-21 03:30:00,0.0
2025-07-21 04:30:00,0.0
2025-07-21 05:30:00,0.0
2025-07-21 06:30:00,1.0853442573019152
2025-07-21 07:30:00,7.904889343768528
2025-07-21 08:30:00,12.88421294989835
2025-07-21 09:30:00,17.416173592503135
2025-07-21 10:30:00,19.705463109981675
2025-07-21 11:30:00,19.044063850272273
2025-07-21 12:30:00,26.64820814150369
2025-07-21 13:30:00,25.53702209859734
2025-07-21 14:30:00,29.79194071372588
2025-07-21 15:30:00,24.411941624073418
2025-07-21 16:30:00,14.978437816506537
2025-07-21 17:30:00,6.04706427814147
2025-07-21 18:30:00,0.0
2025-07-21 19:30:00,0.0
2025-07-21 20:30:00,0.0
2025-07-21 21:30:00,0.0
2025-07-21 22:30:00,0.0
2025-07-21 23:30:00,0.0
2025-07-22 00:30:00,0.0
2025-07-22 01:30:00,0.0
2025-07-22 02:30:00,0.0
2025-07-22 03:30:00,0.0
2025-07-22 04:30:00,0.0
2025-07-22 05:30:00,0.0
2025-07-22 06:30:00,1.9372610332214062
2025-07-22 07:30:00,16.116522139221814
2025-07-22 08:30:00,28.66696515783946
2025-07-22 09:30:00,36.16733800551994
2025-07-22 10:30:00,36.78033733342573
2025-07-22 11:30:00,35.62477967234706
2025-07-22 12:30:00,25.907410812924542
2025-07-22 13:30:00,19.93937605857583
2025-07-22 14:30:00,30.04720426741901
2025-07-22 15:30:00,22.180591909111822
2025-07-22 16:30:00,12.737915227835
2025-07-22 17:30:00,5.042240338823225
2025-07-22 18:30:00,0.0
2025-07-22 19:30:00,0.0
2025-07-22 20:30:00,0.0
2025-07-22 21:30:00,0.0
2025-07-22 22:30:00,0.0
2025-07-22 23:30:00,0.0
2025-07-23 00:30:00,0.0
2025-07-23 01:30:00,0.0
2025-07-23 02:30:00,0.0
2025-07-23 03:30:00,0.0
2025-07-23 04:30:00,0.0
2025-07-23 05:30:00,0.0
2025-07-23 06:30:00,1.0576944428190709
2025-07-23 07:30:00,9.36258235047423
2025-07-23 08:30:00,14.671802997692113
2025-07-23 09:30:00,7.326240322408803
2025-07-23 10:30:00,6.2546460733538405
2025-07-23 11:30:00,10.208339984948234
2025-07-23 12:30:00,18.075506018352236
2025-07-23 13:30:00,14.161310586319281
2025-07-23 14:30:00,23.39772996227437
2025-07-23 15:30:00,21.837495504335642
2025-07-23 16:30:00,13.028579471346637
2025-07-23 17:30:00,4.946224848119774
2025-07-23 18:30:00,0.0
2025-07-23 19:30:00,0.0
2025-07-23 20:30:00,0.0
2025-07-23 21:30:00,0.0
2025-07-23 22:30:00,0.0
2025-07-23 23:30:00,0.0
2025-07-24 00:30:00,0.0
2025-07-24 01:30:00,0.0
2025-07-24 02:30:00,0.0
2025-07-24 03:30:00,0.0
2025-07-24 04:30:00,0.0
2025-07-24 05:30:00,0.0
2025-07-24 06:30:00,1.978835862341062
2025-07-24 07:30:00,17.395685497912954
2025-07-24 08:30:00,28.41637237408932
2025-07-24 09:30:00,38.62792383911428
2025-07-24 10:30:00,48.295522731101094
2025-07-24 11:30:00,59.12975571781583
2025-07-24 12:30:00,52.76697978937384
2025-07-24 13:30:00,50.683815257167765
2025-07-24 14:30:00,41.937451727058956
2025-07-24 15:30:00,31.410310500974077
2025-07-24 16:30:00,20.174079076085516
2025-07-24 17:30:00,7.6218629199830605
2025-07-24 18:30:00,0.0
2025-07-24 19:30:00,0.0
2025-07-24 20:30:00,0.0
2025-07-24 21:30:00,0.0
2025-07-24 22:30:00,0.0
2025-07-24 23:30:00,0.0
2025-07-25 00:30:00,0.0
2025-07-25 01:30:00,0.0
2025-07-25 02:30:00,0.0
2025-07-25 03:30:00,0.0
2025-07-25 04:30:00,0.0
2025-07-25 05:30:00,0.0
2025-07-25 06:30:00,2.149082860514796
2025-07-25 07:30:00,18.76022403785631
2025-07-25 08:30:00,29.89729337295005
2025-07-25 09:30:00,41.23482109012488
2025-07-25 10:30:00,49.66082890022162
2025-07-25 11:30:00,56.60403127291986
2025-07-25 12:30:00,55.304671402843795
2025-07-25 13:30:00,51.42977600175827
2025-07-25 14:30:00,43.98811875935643
2025-07-25 15:30:00,31.964669720835047
2025-07-25 16:30:00,18.77705045304378
2025-07-25 17:30:00,7.8149543380242426
2025-07-25 18:30:00,0.0
2025-07-25 19:30:00,0.0
2025-07-25 20:30:00,0.0
2025-07-25 21:30:00,0.0
2025-07-25 22:30:00,0.0
2025-07-25 23:30:00,0.0
2025-07-26 00:30:00,0.0
2025-07-26 01:30:00,0.0
2025-07-26 02:30:00,0.0
2025-07-26 03:30:00,0.0
2025-07-26 04:30:00,0.0
2025-07-26 05:30:00,0.0
2025-07-26 06:30:00,1.7825652838127304
2025-07-26 07:30:00,16.820366670629213
2025-07-26 08:30:00,27.228879522928086
2025-07-26 09:30:00,36.03481454377677
2025-07-26 10:30:00,42.81927300081292
2025-07-26 11:30:00,54.41469733520289
2025-07-26 12:30:00,57.2464781741325
2025-07-26 13:30:00,54.388851676774145
2025-07-26 14:30:00,45.21624220048676
2025-07-26 15:30:00,34.56231765768172
2025-07-26 16:30:00,20.583279618648614
2025-07-26 17:30:00,8.228267590071214
2025-07-26 18:30:00,0.0
2025-07-26 19:30:00,0.0
2025-07-26 20:30:00,0.0
2025-07-26 21:30:00,0.0
2025-07-26 22:30:00,0.0
2025-07-26 23:30:00,0.0
2025-07-27 00:30:00,0.0
2025-07-27 01:30:00,0.0
2025-07-27 02:30:00,0.0
2025-07-27 03:30:00,0.0
2025-07-27 04:30:00,0.0
2025-07-27 05:30:00,0.0
2025-07-27 06:30:00,1.6006768255413673
2025-07-27 07:30:00,14.909516522086491
2025-07-27 08:30:00,22.629679221011855
2025-07-27 09:30:00,35.00981312732311
2025-07-27 10:30:00,43.13112816630404
2025-07-27 11:30:00,45.10686846735671
2025-07-27 12:30:00,50.381669989074695
2025-07-27 13:30:00,47.987491622006935
2025-07-27 14:30:00,41.30648023966424
2025-07-27 15:30:00,28.934156152022194
2025-07-27 16:30:00,18.718388951732962
2025-07-27 17:30:00,7.231130754369909
2025-07-27 18:30:00,0.0
2025-07-27 19:30:00,0.0
2025-07-27 20:30:00,0.0
2025-07-27 21:30:00,0.0
2025-07-27 22:30:00,0.0
2025-07-27 23:30:00,0.0
2025-07-28 00:30:00,0.0
2025-07-28 01:30:00,0.0
2025-07-28 02:30:00,0.0
2025-07-28 03:30:00,0.0
2025-07-28 04:30:00,0.0
2025-07-28 05:30:00,0.0
2025-07-28 06:30:00,1.3494268880194502
2025-07-28 07:30:00,13.18391970796671
2025-07-28 08:30:00,23.86589371949944
2025-07-28 09:30:00,32.70842494569343
2025-07-28 10:30:00,41.015829149494586
2025-07-28 11:30:00,47.526053267845214
2025-07-28 12:30:00,43.39272095936641
2025-07-28 13:30:00,37.93494202061781
2025-07-28 14:30:00,28.5902277647662
2025-07-28 15:30:00,20.921823059202662
2025-07-28 16:30:00,13.03661447811487
2025-07-28 17:30:00,4.971512473346363
2025-07-28 18:30:00,0.0
2025-07-28 19:30:00,0.0
2025-07-28 20:30:00,0.0
2025-07-28 21:30:00,0.0
2025-07-28 22:30:00,0.0
2025-07-28 23:30:00,0.0
2025-07-29 00:30:00,0.0
2025-07-29 01:30:00,0.0
2025-07-29 02:30:00,0.0
2025-07-29 03:30:00,0.0
2025-07-29 04:30:00,0.0
2025-07-29 05:30:00,0.0
2025-07-29 06:30:00,0.916485159908449
2025-07-29 07:30:00,7.584535719513995
2025-07-29 08:30:00,9.32268831789644
2025-07-29 09:30:00,13.391594654516126
2025-07-29 10:30:00,10.994185157660963
2025-07-29 11:30:00,13.463754002614303
2025-07-29 12:30:00,15.239813550912691
2025-07-29 13:30:00,22.45687422566838
2025-07-29 14:30:00,28.781263024759046
2025-07-29 15:30:00,22.4500921346043
2025-07-29 16:30:00,13.647916540673991
2025-07-29 17:30:00,5.677335296031667
2025-07-29 18:30:00,0.0
2025-07-29 19:30:00,0.0
2025-07-29 20:30:00,0.0
2025-07-29 21:30:00,0.0
2025-07-29 22:30:00,0.0
2025-07-29 23:30:00,0.0
2025-07-30 00:30:00,0.0
2025-07-30 01:30:00,0.0
2025-07-30 02:30:00,0.0
2025-07-30 03:30:00,0.0
2025-07-30 04:30:00,0.0
2025-07-30 05:30:00,0.0
2025-07-30 06:30:00,0.8808048793549784
2025-07-30 07:30:00,8.942193422782651
2025-07-30 08:30:00,15.89320349225461
2025-07-30 09:30:00,24.209889836228992
2025-07-30 10:30:00,31.618302419010806
2025-07-30 11:30:00,36.623631654223615
2025-07-30 12:30:00,37.48516856687403
2025-07-30 13:30:00,35.63788665057281
2025-07-30 14:30:00,25.051503924272378
2025-07-30 15:30:00,17.649850521205114
2025-07-30 16:30:00,10.977052001667072
2025-07-30 17:30:00,4.660047114618357
2025-07-30 18:30:00,0.0
2025-07-30 19:30:00,0.0
2025-07-30 20:30:00,0.0
2025-07-30 21:30:00,0.0
2025-07-30 22:30:00,0.0
2025-07-30 23:30:00,0.0
2025-07-31 00:30:00,0.0
2025-07-31 01:30:00,0.0
2025-07-31 02:30:00,0.0
2025-07-31 03:30:00,0.0
2025-07-31 04:30:00,0.0
2025-07-31 05:30:00,0.0
2025-07-31 06:30:00,0.7621874233915285
2025-07-31 07:30:00,8.113276496541129
2025-07-31 08:30:00,14.128750480775494
2025-07-31 09:30:00,20.881533401186292
2025-07-31 10:30:00,27.289584700773872
2025-07-31 11:30:00,28.000696727684584
2025-07-31 12:30:00,22.332469574676562
2025-07-31 13:30:00,15.298616161114378
2025-07-31 14:30:00,18.439277147346072
2025-07-31 15:30:00,9.085160236257583
2025-07-31 16:30:00,6.702726705174184
2025-07-31 17:30:00,3.589117274661946
2025-07-31 18:30:00,0.0
2025-07-31 19:30:00,0.0
2025-07-31 20:30:00,0.0
2025-07-31 21:30:00,0.0
2025-07-31 22:30:00,0.0
2025-07-31 23:30:00,0.0
2025-08-01 00:30:00,0.0
2025-08-01 01:30:00,0.0
2025-08-01 02:30:00,0.0
2025-08-01 03:30:00,0.0
2025-08-01 04:30:00,0.0
